0;0;1;2;0;1;1;3;3;2;4;4;5;5;2;3;6;7;7;6;8;4;6;8;9
sCost: 1220.0;mCap: 0.30000001192092896;mPack: 1.0;sPrio: 0.0
394.0
1;7;0;2;5;10;2;10;0;1;4;4;5;3;3;9;6;7;1;3;8;3;6;8;9
sCost: 1342.0;mCap: 1.0;mPack: 1.0;sPrio: 0.0
394.0
3;3;0;7;10;8;8;5;0;8;4;4;-1;9;7;-1;6;5;9;-1;8;3;6;10;-1
sCost: 1098.0;mCap: 1.0;mPack: 0.8365139949109415;sPrio: 17.0
394.0
-1;-1;0;7;10;8;8;5;0;8;4;4;-1;9;7;-1;1;5;9;6;8;-1;1;10;6
sCost: 1098.0;mCap: 1.0;mPack: 0.8288804071246819;sPrio: 19.0
394.0
-1;-1;0;7;10;8;8;5;0;8;4;4;-1;9;7;-1;-1;5;9;6;8;-1;-1;10;6
sCost: 976.0;mCap: 1.0;mPack: 0.7379134860050891;sPrio: 29.0
394.0
3;3;0;1;9;9;9;2;0;3;2;7;4;6;4;1;5;6;7;5;8;-1;10;8;10
sCost: 1342.0;mCap: 1.0;mPack: 0.9853689567430025;sPrio: 5.0
394.0
6;4;0;1;2;2;1;9;0;2;-1;4;11;9;-1;7;8;6;7;10;7;2;8;5;10
sCost: 1320.0;mCap: 1.0;mPack: 0.9274809160305344;sPrio: 13.0
394.0
5;4;0;2;6;-1;7;1;0;5;1;4;3;6;2;9;8;11;5;6;3;9;8;9;7
sCost: 1320.0;mCap: 1.0;mPack: 0.9643765903307888;sPrio: 5.0
394.0
5;4;0;10;1;-1;-1;6;0;5;6;4;7;1;-1;-1;8;-1;5;1;7;-1;8;-1;9
sCost: 1098.0;mCap: 1.0;mPack: 0.7811704834605597;sPrio: 36.0
394.0
1;4;0;9;1;4;1;-1;0;4;-1;6;7;6;-1;-1;8;-1;5;9;7;-1;8;-1;10
sCost: 1098.0;mCap: 1.0;mPack: 0.7391857506361323;sPrio: 44.0
394.0
9;7;0;1;-1;8;1;5;0;-1;5;8;11;9;9;-1;6;3;7;6;3;3;8;4;10
sCost: 1320.0;mCap: 0.8999999761581421;mPack: 0.9427480916030534;sPrio: 9.0
394.0
6;6;0;5;1;1;1;-1;0;-1;8;-1;7;8;5;4;4;-1;11;-1;7;-1;10;9;10
sCost: 1198.0;mCap: 1.0;mPack: 0.8206106870229007;sPrio: 33.0
394.0
2;8;1;10;2;-1;2;7;1;0;-1;7;6;5;10;0;4;8;5;6;9;-1;4;9;0
sCost: 1220.0;mCap: 1.0;mPack: 0.8982188295165394;sPrio: 18.0
394.0
0;8;1;7;0;-1;7;5;1;0;-1;8;4;6;3;0;3;-1;5;0;4;10;4;6;10
sCost: 1098.0;mCap: 0.20000000298023224;mPack: 0.8632315521628499;sPrio: 21.0
394.0
6;8;0;1;-1;-1;1;-1;0;10;-1;8;4;6;7;6;7;9;11;9;4;10;9;-1;10
sCost: 1076.0;mCap: 1.0;mPack: 0.7735368956743003;sPrio: 28.0
394.0
6;8;0;5;10;7;6;-1;0;-1;4;6;-1;4;-1;-1;9;7;10;5;8;-1;-1;-1;1
sCost: 1098.0;mCap: 1.0;mPack: 0.7455470737913485;sPrio: 42.0
394.0
9;7;0;4;7;8;7;-1;0;-1;-1;-1;6;9;5;-1;5;-1;8;-1;6;4;9;-1;10
sCost: 976.0;mCap: 1.0;mPack: 0.7035623409669212;sPrio: 47.0
394.0
9;7;11;0;7;8;7;5;6;0;5;6;4;9;-1;-1;3;-1;8;3;4;1;9;1;10
sCost: 1320.0;mCap: 1.0;mPack: 0.9147582697201018;sPrio: 17.0
394.0
10;5;0;6;9;2;2;5;0;3;-1;4;7;2;6;-1;3;4;10;-1;7;-1;-1;9;8
sCost: 1220.0;mCap: 1.0;mPack: 0.8829516539440203;sPrio: 23.0
394.0
7;7;0;5;1;1;1;3;0;4;3;4;6;4;5;7;10;-1;12;-1;6;8;10;-1;8
sCost: 1198.0;mCap: 1.0;mPack: 0.8670483460559797;sPrio: 18.0
394.0
7;7;0;5;1;1;1;-1;0;4;-1;4;6;4;5;7;10;-1;12;-1;6;8;10;9;8
sCost: 1198.0;mCap: 1.0;mPack: 0.8371501272264631;sPrio: 26.0
394.0
1;1;0;7;9;10;7;-1;0;-1;-1;-1;4;10;6;1;5;6;11;6;4;8;5;9;8
sCost: 1198.0;mCap: 1.0;mPack: 0.851145038167939;sPrio: 25.0
394.0
0;8;0;1;3;3;3;-1;4;-1;11;10;6;4;-1;-1;5;8;10;5;6;7;1;7;9
sCost: 1320.0;mCap: 1.0;mPack: 0.9077608142493638;sPrio: 20.0
394.0
3;3;1;5;0;8;-1;4;1;5;4;8;0;6;10;3;10;-1;6;8;7;-1;9;7;9
sCost: 1220.0;mCap: 1.0;mPack: 0.91793893129771;sPrio: 15.0
394.0
3;9;0;6;2;3;3;10;0;5;9;2;8;4;-1;-1;5;4;10;2;8;-1;7;-1;7
sCost: 1220.0;mCap: 1.0;mPack: 0.8842239185750637;sPrio: 21.0
394.0
2;2;0;8;4;4;-1;6;0;2;-1;10;9;10;-1;8;5;6;11;7;4;-1;5;-1;7
sCost: 1198.0;mCap: 1.0;mPack: 0.8295165394402035;sPrio: 27.0
394.0
8;8;0;2;5;-1;2;-1;0;-1;-1;4;5;4;-1;9;9;10;6;7;6;-1;6;-1;7
sCost: 1098.0;mCap: 1.0;mPack: 0.755089058524173;sPrio: 41.0
394.0
6;8;0;5;7;7;-1;7;0;-1;8;4;-1;-1;-1;-1;6;11;4;-1;9;5;-1;9;10
sCost: 1076.0;mCap: 0.2666666805744171;mPack: 0.7919847328244275;sPrio: 33.0
394.0
2;2;3;1;3;8;1;-1;5;-1;9;5;4;9;4;3;10;-1;8;2;7;10;6;7;6
sCost: 1220.0;mCap: 0.9666666388511658;mPack: 0.8937659033078881;sPrio: 19.0
394.0
-1;-1;6;-1;-1;-1;-1;2;6;2;-1;2;-1;3;3;-1;9;-1;-1;5;0;-1;-1;5;0
sCost: 732.0;mCap: 0.8999999761581421;mPack: 0.505089058524173;sPrio: 53.0
394.0
5;8;10;9;-1;-1;7;-1;11;-1;8;10;-1;4;-1;-1;7;5;4;9;-1;-1;-1;-1;6
sCost: 954.0;mCap: 1.0;mPack: 0.6513994910941476;sPrio: 52.0
394.0
1;3;1;6;0;2;6;3;0;-1;7;7;5;4;8;0;10;4;2;10;5;-1;9;8;9
sCost: 1342.0;mCap: 1.0;mPack: 0.97264631043257;sPrio: 9.0
394.0
5;5;0;4;6;6;4;7;0;-1;-1;-1;-1;-1;8;-1;10;-1;7;-1;-1;-1;9;8;9
sCost: 976.0;mCap: 1.0;mPack: 0.6641221374045801;sPrio: 54.0
394.0
5;5;0;4;6;6;4;1;0;-1;-1;3;7;3;8;-1;10;11;1;6;7;-1;9;8;9
sCost: 1320.0;mCap: 1.0;mPack: 0.9064885496183206;sPrio: 21.0
394.0
5;5;11;4;6;6;4;1;12;-1;-1;-1;7;-1;8;-1;10;0;1;6;7;-1;9;8;9
sCost: 1298.0;mCap: 1.0;mPack: 0.8237913486005088;sPrio: 32.0
394.0
4;6;0;1;-1;-1;1;10;0;-1;6;-1;5;4;-1;-1;7;10;11;-1;5;-1;7;12;9
sCost: 1176.0;mCap: 0.8500000238418579;mPack: 0.8129770992366412;sPrio: 33.0
394.0
3;3;0;6;4;4;4;-1;0;-1;10;10;7;5;5;-1;9;-1;11;-1;7;-1;5;-1;8
sCost: 1198.0;mCap: 1.0;mPack: 0.7811704834605597;sPrio: 38.0
394.0
-1;9;0;5;7;10;7;-1;0;-1;8;8;-1;6;-1;-1;-1;9;6;-1;-1;-1;5;7;10
sCost: 854.0;mCap: 0.06666667014360428;mPack: 0.6762086513994912;sPrio: 47.0
394.0
3;9;0;5;7;3;2;6;0;2;8;8;2;1;3;10;-1;9;1;6;6;10;5;7;10
sCost: 1220.0;mCap: 0.9333333373069763;mPack: 0.9274809160305344;sPrio: 7.0
394.0
-1;9;6;4;7;-1;-1;5;6;-1;11;5;8;-1;8;4;-1;9;-1;5;-1;10;-1;7;10
sCost: 954.0;mCap: 0.6333333253860474;mPack: 0.6902035623409669;sPrio: 32.0
394.0
5;5;1;7;0;4;9;-1;1;5;4;-1;0;6;-1;11;8;-1;6;-1;10;7;8;10;9
sCost: 1198.0;mCap: 1.0;mPack: 0.8269720101781171;sPrio: 29.0
394.0
-1;4;0;2;4;7;-1;11;0;-1;6;6;10;8;4;2;5;7;8;5;10;11;9;-1;9
sCost: 1198.0;mCap: 1.0;mPack: 0.8695928753180662;sPrio: 14.0
394.0
1;1;0;4;6;7;10;7;0;1;10;-1;5;8;2;7;2;6;8;5;10;4;9;11;9
sCost: 1320.0;mCap: 0.8500000238418579;mPack: 0.9592875318066157;sPrio: 6.0
394.0
9;11;6;4;0;-1;0;0;6;-1;-1;-1;9;7;4;-1;8;10;7;5;10;-1;8;1;5
sCost: 1198.0;mCap: 0.8666666746139526;mPack: 0.8301526717557252;sPrio: 32.0
394.0
2;11;6;4;0;-1;0;0;6;-1;-1;-1;9;7;4;-1;8;10;7;5;10;-1;8;1;5
sCost: 1320.0;mCap: 1.0;mPack: 0.8301526717557252;sPrio: 32.0
394.0
1;1;0;4;7;7;7;-1;0;1;-1;-1;8;6;8;-1;9;5;6;4;5;-1;9;-1;10
sCost: 1098.0;mCap: 1.0;mPack: 0.7690839694656488;sPrio: 37.0
394.0
2;2;3;4;0;0;0;7;3;-1;-1;7;8;6;8;-1;9;5;6;4;5;-1;9;-1;10
sCost: 1220.0;mCap: 1.0;mPack: 0.8409669211195929;sPrio: 28.0
394.0
9;9;0;8;2;2;2;-1;0;-1;6;7;4;6;-1;4;5;7;11;8;3;4;5;3;10
sCost: 1320.0;mCap: 1.0;mPack: 0.9223918575063613;sPrio: 16.0
394.0
7;7;0;-1;8;9;-1;-1;0;-1;8;-1;4;-1;4;-1;5;-1;9;-1;6;-1;5;6;10
sCost: 976.0;mCap: 1.0;mPack: 0.6730279898218829;sPrio: 50.0
394.0
6;6;1;4;7;-1;5;-1;1;-1;9;-1;11;5;-1;-1;8;-1;-1;10;5;6;4;7;10
sCost: 1076.0;mCap: 1.0;mPack: 0.7340966921119593;sPrio: 40.0
394.0
-1;4;0;8;7;-1;8;-1;0;-1;4;7;5;-1;-1;-1;10;-1;11;5;6;-1;9;6;9
sCost: 1076.0;mCap: 1.0;mPack: 0.7315521628498728;sPrio: 44.0
394.0
1;4;0;3;1;0;7;6;5;1;4;5;2;-1;-1;1;7;11;6;3;9;8;2;9;8
sCost: 1320.0;mCap: 1.0;mPack: 0.9370229007633588;sPrio: 10.0
394.0
2;2;0;6;10;1;7;4;0;1;4;1;10;5;6;2;8;-1;5;1;9;-1;-1;9;7
sCost: 1220.0;mCap: 0.4000000059604645;mPack: 0.9173027989821882;sPrio: 16.0
394.0
9;5;0;4;-1;-1;4;-1;9;-1;-1;12;8;-1;-1;-1;6;-1;7;8;7;-1;7;-1;10
sCost: 1076.0;mCap: 1.0;mPack: 0.6189567430025446;sPrio: 59.0
394.0
5;4;7;9;6;-1;-1;6;7;-1;8;4;-1;-1;-1;-1;-1;-1;5;-1;-1;-1;6;-1;10
sCost: 854.0;mCap: 1.0;mPack: 0.5438931297709924;sPrio: 66.0
394.0
1;8;0;6;1;2;7;9;0;-1;8;4;-1;2;6;2;7;4;9;10;1;-1;5;5;10
sCost: 1220.0;mCap: 1.0;mPack: 0.9090330788804071;sPrio: 16.0
394.0
7;7;0;5;4;8;6;-1;0;-1;4;-1;13;-1;-1;-1;3;10;8;3;10;7;5;6;9
sCost: 1198.0;mCap: 1.0;mPack: 0.8250636132315522;sPrio: 31.0
394.0
3;5;0;3;10;2;2;-1;0;0;5;8;6;7;2;9;4;7;8;2;6;2;4;9;10
sCost: 1220.0;mCap: 0.36666667461395264;mPack: 0.9561068702290076;sPrio: 7.0
394.0
1;1;2;6;3;3;3;-1;2;1;-1;7;8;10;5;4;5;10;7;6;8;-1;9;9;4
sCost: 1220.0;mCap: 1.0;mPack: 0.8899491094147582;sPrio: 20.0
394.0
4;4;0;5;1;7;2;-1;0;-1;6;7;1;6;-1;-1;2;10;11;-1;10;5;8;9;8
sCost: 1320.0;mCap: 1.0;mPack: 0.8899491094147582;sPrio: 23.0
394.0
9;9;0;1;6;-1;-1;6;0;-1;4;3;11;7;5;4;10;7;3;4;8;1;6;8;5
sCost: 1320.0;mCap: 1.0;mPack: 0.9338422391857506;sPrio: 11.0
394.0
6;6;0;7;4;-1;5;-1;0;-1;-1;-1;4;-1;-1;6;8;-1;9;7;9;9;10;5;10
sCost: 976.0;mCap: 1.0;mPack: 0.7029262086513994;sPrio: 48.0
394.0
8;3;0;2;6;4;3;4;0;0;5;5;6;7;7;-1;8;-1;11;3;7;2;3;-1;9
sCost: 1198.0;mCap: 0.4000000059604645;mPack: 0.8702290076335878;sPrio: 19.0
394.0
4;3;2;6;0;3;-1;-1;8;-1;0;-1;5;4;-1;7;7;8;2;0;5;3;6;9;10
sCost: 1220.0;mCap: 0.800000011920929;mPack: 0.8638676844783715;sPrio: 24.0
394.0
6;4;1;0;6;4;0;7;1;6;-1;7;3;8;-1;-1;9;-1;8;5;3;4;6;5;10
sCost: 1220.0;mCap: 1.0;mPack: 0.8632315521628499;sPrio: 25.0
394.0
11;6;0;4;11;-1;4;-1;12;-1;-1;-1;5;7;-1;-1;8;6;7;5;9;-1;10;9;10
sCost: 1176.0;mCap: 0.949999988079071;mPack: 0.7652671755725191;sPrio: 44.0
394.0
0;0;2;1;5;-1;1;5;10;0;3;3;9;6;4;8;7;6;10;5;9;-1;7;4;8
sCost: 1342.0;mCap: 1.0;mPack: 0.9497455470737913;sPrio: 10.0
394.0
-1;4;0;-1;6;4;-1;-1;0;4;-1;-1;6;9;7;-1;7;-1;9;5;8;-1;-1;8;5
sCost: 854.0;mCap: 1.0;mPack: 0.6412213740458015;sPrio: 50.0
394.0
1;1;0;6;1;5;-1;9;0;-1;9;-1;4;8;-1;-1;7;-1;5;8;4;-1;6;-1;10
sCost: 1098.0;mCap: 0.3333333432674408;mPack: 0.7633587786259541;sPrio: 41.0
394.0
11;5;0;7;11;6;-1;4;0;6;4;9;-1;9;8;10;-1;5;6;-1;-1;-1;7;8;10
sCost: 1076.0;mCap: 0.949999988079071;mPack: 0.7849872773536896;sPrio: 28.0
394.0
-1;4;6;8;-1;-1;-1;4;6;-1;5;5;-1;-1;-1;9;9;-1;-1;-1;10;8;-1;10;-1
sCost: 732.0;mCap: 1.0;mPack: 0.5419847328244275;sPrio: 48.0
394.0
9;4;0;1;2;0;1;4;9;0;5;8;11;5;-1;-1;10;-1;6;6;6;-1;7;2;7
sCost: 1320.0;mCap: 0.8999999761581421;mPack: 0.9001272264631043;sPrio: 22.0
394.0
10;8;0;3;2;-1;3;5;1;6;0;1;4;2;2;6;9;5;8;1;4;-1;9;10;6
sCost: 1220.0;mCap: 0.6333333253860474;mPack: 0.9497455470737913;sPrio: 10.0
394.0
9;8;0;4;6;-1;6;5;0;-1;6;10;2;10;4;-1;3;5;8;-1;2;-1;3;9;7
sCost: 1220.0;mCap: 0.7666666507720947;mPack: 0.9045801526717557;sPrio: 21.0
394.0
3;7;13;5;-1;-1;-1;4;6;-1;7;2;-1;4;5;0;3;2;0;0;-1;2;0;6;10
sCost: 1076.0;mCap: 0.2666666805744171;mPack: 0.811704834605598;sPrio: 23.0
394.0
12;1;0;5;6;6;6;3;0;-1;3;2;9;1;-1;-1;4;2;11;4;9;10;5;10;7
sCost: 1420.0;mCap: 1.0;mPack: 0.9516539440203562;sPrio: 13.0
394.0
0;0;5;4;-1;-1;-1;-1;5;0;6;-1;9;6;-1;-1;8;-1;11;7;9;8;4;10;7
sCost: 1076.0;mCap: 1.0;mPack: 0.7468193384223918;sPrio: 38.0
394.0
4;4;0;1;7;5;1;5;0;0;11;9;9;6;3;4;3;6;7;8;5;3;7;-1;8
sCost: 1198.0;mCap: 0.3333333432674408;mPack: 0.9344783715012722;sPrio: 7.0
394.0
11;8;0;1;2;4;-1;-1;0;-1;6;10;7;4;-1;4;9;-1;10;1;6;9;-1;2;8
sCost: 1198.0;mCap: 0.1666666716337204;mPack: 0.8365139949109415;sPrio: 29.0
394.0
1;5;2;9;7;1;1;-1;2;-1;4;4;10;6;-1;-1;-1;5;6;9;10;-1;8;7;8
sCost: 1098.0;mCap: 1.0;mPack: 0.8206106870229007;sPrio: 32.0
394.0
4;9;0;8;5;-1;5;-1;0;-1;-1;-1;6;4;5;5;7;-1;9;-1;-1;-1;4;-1;10
sCost: 976.0;mCap: 1.0;mPack: 0.6393129770992366;sPrio: 57.0
394.0
7;7;6;11;-1;-1;5;-1;6;-1;-1;12;-1;-1;-1;-1;5;8;10;4;10;-1;8;4;9
sCost: 1054.0;mCap: 0.25;mPack: 0.6704834605597965;sPrio: 51.0
394.0
7;7;6;0;-1;-1;5;-1;6;-1;-1;12;-1;-1;-1;-1;5;8;10;4;10;-1;8;4;9
sCost: 1076.0;mCap: 1.0;mPack: 0.6704834605597965;sPrio: 51.0
394.0
1;10;0;4;5;5;5;3;0;1;3;9;11;9;-1;2;2;10;1;0;8;4;-1;8;6
sCost: 1320.0;mCap: 0.20000000298023224;mPack: 0.960559796437659;sPrio: 8.0
394.0
5;0;1;10;0;5;0;6;1;3;3;3;7;6;7;5;4;9;9;5;4;0;7;-1;-1
sCost: 1098.0;mCap: 0.4333333373069763;mPack: 0.8670483460559797;sPrio: 10.0
394.0
8;11;4;-1;10;-1;8;-1;4;-1;-1;8;-1;5;-1;-1;9;5;6;-1;-1;-1;6;10;7
sCost: 954.0;mCap: 1.0;mPack: 0.6227735368956743;sPrio: 58.0
394.0
-1;4;0;6;4;8;-1;-1;0;-1;-1;-1;-1;-1;9;-1;9;-1;8;4;10;-1;7;10;7
sCost: 854.0;mCap: 1.0;mPack: 0.6145038167938932;sPrio: 57.0
394.0
10;8;6;9;2;10;5;4;6;-1;2;8;-1;4;7;-1;7;-1;3;3;3;-1;-1;-1;5
sCost: 1098.0;mCap: 1.0;mPack: 0.7608142493638677;sPrio: 38.0
394.0
4;3;7;8;1;0;1;1;7;1;-1;13;3;2;2;8;6;-1;0;2;6;2;5;4;5
sCost: 1198.0;mCap: 0.36666667461395264;mPack: 0.898854961832061;sPrio: 16.0
394.0
0;-1;1;-1;0;5;0;5;1;0;-1;9;7;8;4;-1;6;11;8;7;7;5;6;4;9
sCost: 1076.0;mCap: 0.23333333432674408;mPack: 0.816793893129771;sPrio: 20.0
394.0
9;7;0;-1;10;-1;7;-1;0;-1;-1;-1;5;6;4;7;9;8;6;8;5;-1;7;10;4
sCost: 976.0;mCap: 0.4000000059604645;mPack: 0.727735368956743;sPrio: 41.0
394.0
0;0;5;4;-1;-1;0;6;5;-1;6;-1;-1;7;-1;-1;-1;7;1;1;1;4;9;9;-1
sCost: 854.0;mCap: 0.9666666388511658;mPack: 0.6418575063613232;sPrio: 42.0
394.0
4;1;4;6;1;11;0;3;10;0;-1;0;-1;0;-1;1;5;7;10;8;7;4;1;8;3
sCost: 1198.0;mCap: 0.06666667014360428;mPack: 0.8638676844783715;sPrio: 20.0
394.0
10;-1;8;10;7;-1;1;6;2;-1;2;5;7;4;9;-1;1;5;6;-1;8;-1;1;4;9
sCost: 1098.0;mCap: 0.30000001192092896;mPack: 0.8606870229007634;sPrio: 23.0
394.0
5;7;0;10;5;-1;-1;6;0;-1;-1;-1;-1;6;5;5;9;11;7;6;4;-1;-1;4;8
sCost: 1076.0;mCap: 0.5666666626930237;mPack: 0.744910941475827;sPrio: 40.0
394.0
10;10;0;7;5;-1;-1;1;0;-1;2;1;3;2;7;3;-1;-1;-1;-1;-1;1;3;5;-1
sCost: 854.0;mCap: 0.800000011920929;mPack: 0.6501272264631044;sPrio: 37.0
394.0
9;6;0;4;-1;-1;-1;6;0;-1;-1;-1;-1;8;-1;5;10;8;-1;-1;10;-1;4;9;5
sCost: 854.0;mCap: 0.699999988079071;mPack: 0.6469465648854962;sPrio: 47.0
394.0
8;8;1;10;5;9;5;-1;1;-1;0;5;11;0;7;7;6;7;9;4;2;-1;-1;2;4
sCost: 1320.0;mCap: 1.0;mPack: 0.9103053435114504;sPrio: 19.0
394.0
0;-1;2;-1;4;-1;-1;-1;2;-1;1;3;4;1;-1;-1;0;11;6;6;6;1;9;3;9
sCost: 954.0;mCap: 0.3333333432674408;mPack: 0.7372773536895674;sPrio: 35.0
394.0
-1;-1;0;9;11;11;9;8;0;-1;5;-1;4;5;4;-1;10;8;-1;6;-1;4;10;-1;6
sCost: 954.0;mCap: 0.800000011920929;mPack: 0.7118320610687023;sPrio: 29.0
394.0
13;7;0;6;8;7;8;10;0;-1;10;-1;5;11;4;5;9;-1;8;6;-1;-1;-1;-1;4
sCost: 1176.0;mCap: 1.0;mPack: 0.7697201017811705;sPrio: 37.0
394.0
-1;-1;0;-1;4;-1;-1;5;0;-1;5;-1;4;7;8;6;9;7;6;6;10;6;9;10;8
sCost: 976.0;mCap: 1.0;mPack: 0.7417302798982188;sPrio: 26.0
394.0
-1;-1;0;3;4;6;6;-1;0;-1;-1;6;4;7;8;8;9;7;11;3;10;11;9;10;8
sCost: 1076.0;mCap: 0.6000000238418579;mPack: 0.8136132315521629;sPrio: 22.0
394.0
-1;-1;9;1;-1;-1;-1;3;9;-1;2;2;3;-1;1;0;-1;0;-1;0;0;2;-1;-1;8
sCost: 732.0;mCap: 0.20000000298023224;mPack: 0.5795165394402035;sPrio: 38.0
394.0
-1;4;0;8;4;11;10;1;0;8;1;3;6;7;4;9;5;7;3;5;11;9;6;9;10
sCost: 1320.0;mCap: 0.949999988079071;mPack: 0.9656488549618321;sPrio: 1.0
394.0
6;6;0;-1;5;-1;-1;8;0;-1;9;8;-1;10;7;6;7;10;9;-1;12;0;-1;-1;5
sCost: 954.0;mCap: 0.36666667461395264;mPack: 0.69529262086514;sPrio: 37.0
394.0
8;-1;0;4;9;-1;7;10;0;-1;-1;10;-1;6;4;-1;7;6;8;8;-1;-1;5;9;5
sCost: 976.0;mCap: 0.7666666507720947;mPack: 0.7347328244274809;sPrio: 39.0
394.0
7;4;0;3;8;-1;2;4;0;-1;9;9;5;6;6;3;7;8;11;5;6;2;8;10;2
sCost: 1320.0;mCap: 0.4000000059604645;mPack: 0.9516539440203562;sPrio: 9.0
394.0
5;1;0;2;7;0;-1;9;5;10;8;8;6;1;2;5;10;-1;9;6;3;0;6;3;7
sCost: 1220.0;mCap: 0.7666666507720947;mPack: 0.9325699745547074;sPrio: 10.0
394.0
5;10;11;-1;7;10;4;9;5;-1;8;8;6;-1;-1;5;-1;4;9;4;-1;-1;6;-1;7
sCost: 954.0;mCap: 0.8999999761581421;mPack: 0.6698473282442747;sPrio: 43.0
394.0
8;10;0;-1;10;-1;6;-1;0;5;-1;8;-1;7;-1;5;6;-1;7;-1;9;8;-1;9;5
sCost: 854.0;mCap: 1.0;mPack: 0.6253180661577609;sPrio: 52.0
394.0
6;6;0;4;5;-1;-1;10;0;-1;-1;10;-1;-1;4;7;8;7;11;-1;7;-1;8;5;9
sCost: 1076.0;mCap: 1.0;mPack: 0.7442748091603053;sPrio: 39.0
394.0
8;8;4;2;5;-1;-1;-1;0;4;-1;-1;7;10;-1;2;6;-1;10;7;4;-1;6;5;9
sCost: 1098.0;mCap: 1.0;mPack: 0.7251908396946565;sPrio: 46.0
394.0
6;1;0;3;-1;-1;3;4;0;1;6;9;9;10;2;8;2;10;1;-1;8;0;-1;4;8
sCost: 1098.0;mCap: 0.20000000298023224;mPack: 0.8982188295165394;sPrio: 12.0
394.0
0;0;1;5;6;-1;-1;-1;7;-1;7;-1;8;-1;0;8;10;-1;11;-1;5;-1;-1;6;9
sCost: 1076.0;mCap: 0.6666666865348816;mPack: 0.7067430025445293;sPrio: 48.0
394.0
8;4;10;0;6;-1;-1;3;10;3;-1;-1;7;8;3;-1;-1;12;4;8;7;3;0;6;9
sCost: 1076.0;mCap: 1.0;mPack: 0.767175572519084;sPrio: 32.0
394.0
0;8;1;5;0;11;7;8;1;-1;-1;4;10;6;5;-1;7;6;4;-1;10;-1;-1;-1;9
sCost: 1198.0;mCap: 1.0;mPack: 0.80470737913486;sPrio: 34.0
394.0
6;2;9;4;7;5;4;-1;0;-1;5;9;7;0;6;-1;3;-1;2;-1;6;6;3;10;8
sCost: 1220.0;mCap: 0.8333333134651184;mPack: 0.861323155216285;sPrio: 26.0
394.0
2;1;0;5;1;6;8;2;0;4;3;6;4;10;-1;3;8;-1;10;4;7;6;3;7;9
sCost: 1342.0;mCap: 1.0;mPack: 0.9293893129770993;sPrio: 13.0
394.0
2;11;0;5;9;6;8;2;0;4;3;6;4;10;-1;3;8;-1;10;4;7;6;3;7;9
sCost: 1320.0;mCap: 0.8999999761581421;mPack: 0.9293893129770993;sPrio: 13.0
394.0
7;7;2;6;-1;-1;6;-1;2;-1;-1;9;5;4;-1;-1;8;9;4;10;5;-1;7;-1;10
sCost: 976.0;mCap: 0.9333333373069763;mPack: 0.7105597964376591;sPrio: 46.0
394.0
0;-1;1;-1;3;3;-1;3;5;-1;4;4;-1;5;8;-1;0;1;11;4;-1;-1;-1;-1;8
sCost: 832.0;mCap: 0.23333333432674408;mPack: 0.6469465648854962;sPrio: 44.0
394.0
10;11;0;-1;-1;4;4;7;0;5;7;8;6;4;6;5;10;8;5;5;11;-1;9;-1;9
sCost: 1076.0;mCap: 0.30000001192092896;mPack: 0.816793893129771;sPrio: 19.0
394.0
6;-1;5;1;8;-1;6;5;7;-1;-1;-1;4;6;9;-1;10;-1;7;-1;4;1;10;8;9
sCost: 976.0;mCap: 1.0;mPack: 0.7334605597964376;sPrio: 40.0
394.0
6;0;5;1;8;0;6;5;7;0;-1;-1;4;6;9;-1;10;-1;7;-1;4;1;10;8;9
sCost: 1098.0;mCap: 1.0;mPack: 0.8256997455470738;sPrio: 29.0
394.0
5;5;3;11;6;4;6;4;3;-1;-1;-1;-1;8;5;4;9;8;6;7;-1;-1;9;-1;7
sCost: 954.0;mCap: 0.25;mPack: 0.72264631043257;sPrio: 41.0
394.0
5;3;4;5;1;8;-1;0;1;1;8;-1;9;3;-1;6;10;4;0;3;9;-1;1;-1;6
sCost: 1098.0;mCap: 0.36666667461395264;mPack: 0.8403307888040712;sPrio: 25.0
394.0
3;7;4;3;1;8;-1;0;1;1;8;-1;9;7;-1;6;10;4;0;5;9;-1;1;5;6
sCost: 1220.0;mCap: 0.36666667461395264;mPack: 0.905852417302799;sPrio: 18.0
394.0
2;2;0;-1;1;4;-1;5;8;5;4;-1;7;0;5;5;1;8;11;-1;7;0;2;-1;-1
sCost: 954.0;mCap: 0.46666666865348816;mPack: 0.7175572519083969;sPrio: 27.0
394.0
4;5;0;9;-1;-1;-1;5;0;-1;-1;-1;11;6;-1;7;7;4;6;8;-1;10;9;8;10
sCost: 1076.0;mCap: 1.0;mPack: 0.7620865139949109;sPrio: 35.0
394.0
9;8;5;-1;7;7;-1;-1;5;-1;8;-1;10;-1;4;-1;4;-1;12;-1;6;7;-1;6;9
sCost: 954.0;mCap: 0.6666666865348816;mPack: 0.6692111959287532;sPrio: 48.0
394.0
9;8;5;0;7;7;0;11;5;0;8;2;10;2;4;-1;4;-1;-1;2;6;7;-1;6;9
sCost: 1198.0;mCap: 0.5666666626930237;mPack: 0.8695928753180662;sPrio: 16.0
394.0
7;8;3;1;6;2;1;6;3;1;8;-1;2;-1;4;5;4;7;5;7;9;5;5;9;-1
sCost: 1098.0;mCap: 0.5666666626930237;mPack: 0.8498727735368956;sPrio: 14.0
394.0
4;4;1;7;0;6;6;0;1;-1;8;3;2;6;0;8;9;-1;3;8;2;9;7;5;10
sCost: 1342.0;mCap: 1.0;mPack: 0.9376590330788804;sPrio: 12.0
394.0
10;6;0;3;6;4;3;2;0;-1;-1;8;5;8;-1;6;9;-1;4;-1;2;9;2;7;10
sCost: 1220.0;mCap: 0.6666666865348816;mPack: 0.8473282442748091;sPrio: 28.0
394.0
-1;11;0;4;10;-1;6;-1;0;8;7;9;10;9;4;-1;5;-1;7;-1;5;6;8;6;8
sCost: 1076.0;mCap: 0.699999988079071;mPack: 0.8040712468193384;sPrio: 28.0
394.0
7;8;0;-1;4;8;-1;5;0;1;5;2;4;6;1;2;1;6;2;-1;-1;0;9;7;9
sCost: 1098.0;mCap: 0.36666667461395264;mPack: 0.8625954198473282;sPrio: 15.0
394.0
1;8;7;0;2;1;0;-1;7;-1;8;3;9;3;-1;4;4;-1;5;5;5;6;1;2;10
sCost: 1342.0;mCap: 1.0;mPack: 0.8727735368956743;sPrio: 24.0
394.0
6;8;7;0;2;6;0;-1;7;-1;8;3;9;3;-1;4;4;-1;5;5;5;6;3;2;10
sCost: 1220.0;mCap: 0.699999988079071;mPack: 0.8727735368956743;sPrio: 24.0
394.0
-1;6;3;-1;-1;-1;0;5;3;-1;5;4;0;2;-1;-1;7;6;4;4;0;3;7;2;-1
sCost: 854.0;mCap: 0.23333333432674408;mPack: 0.7111959287531806;sPrio: 29.0
394.0
4;4;1;5;6;6;-1;-1;1;-1;-1;9;8;7;-1;-1;-1;9;7;-1;6;-1;10;-1;10
sCost: 976.0;mCap: 1.0;mPack: 0.66793893129771;sPrio: 52.0
394.0
2;0;1;6;10;2;6;10;1;-1;5;5;7;3;7;-1;4;0;3;2;9;-1;4;-1;9
sCost: 1220.0;mCap: 0.9666666388511658;mPack: 0.8924936386768447;sPrio: 20.0
394.0
12;4;5;10;8;11;10;7;5;5;-1;-1;-1;7;-1;-1;8;9;4;9;2;-1;9;-1;2
sCost: 1054.0;mCap: 0.46666666865348816;mPack: 0.7283715012722647;sPrio: 42.0
394.0
2;8;3;0;8;8;1;-1;3;0;2;1;12;-1;7;4;4;1;7;7;5;0;9;5;9
sCost: 1198.0;mCap: 0.2666666805744171;mPack: 0.9141221374045801;sPrio: 12.0
394.0
8;7;4;8;-1;7;1;1;2;-1;-1;0;4;1;2;3;3;0;2;3;5;7;0;5;-1
sCost: 976.0;mCap: 0.10000000149011612;mPack: 0.8384223918575063;sPrio: 16.0
394.0
4;-1;4;8;7;0;-1;-1;6;0;-1;-1;5;-1;5;0;9;-1;6;9;0;4;8;7;-1
sCost: 854.0;mCap: 0.8666666746139526;mPack: 0.6431297709923665;sPrio: 41.0
394.0
8;4;5;9;-1;4;-1;8;5;-1;-1;6;-1;6;-1;-1;7;-1;11;-1;-1;-1;-1;-1;10
sCost: 954.0;mCap: 1.0;mPack: 0.594147582697201;sPrio: 61.0
394.0
5;4;0;3;7;1;3;4;0;-1;8;2;7;8;6;1;6;2;5;9;1;1;10;10;9
sCost: 1342.0;mCap: 1.0;mPack: 0.9872773536895675;sPrio: 4.0
394.0
2;2;5;1;10;9;1;4;6;2;6;9;8;5;3;8;3;4;7;8;7;9;7;-1;10
sCost: 1220.0;mCap: 0.8999999761581421;mPack: 0.9344783715012722;sPrio: 7.0
394.0
-1;7;0;9;4;7;6;8;0;-1;8;10;-1;5;-1;-1;4;5;10;7;2;-1;9;6;2
sCost: 1098.0;mCap: 0.6333333253860474;mPack: 0.839058524173028;sPrio: 26.0
394.0
2;0;0;4;-1;8;1;7;5;-1;7;8;3;1;1;1;-1;5;11;10;3;8;4;2;10
sCost: 1198.0;mCap: 0.7666666507720947;mPack: 0.8848600508905853;sPrio: 12.0
394.0
10;7;9;3;2;5;2;5;9;8;10;8;4;8;4;5;1;7;2;3;0;-1;1;11;0
sCost: 1320.0;mCap: 0.8500000238418579;mPack: 0.9853689567430025;sPrio: 5.0
394.0
5;-1;0;5;1;-1;11;0;11;0;9;4;8;7;8;-1;6;7;4;10;9;9;6;1;10
sCost: 1198.0;mCap: 0.36666667461395264;mPack: 0.905852417302799;sPrio: 11.0
394.0
6;6;0;5;10;4;4;9;0;1;3;4;10;3;5;6;2;1;9;1;8;1;2;8;-1
sCost: 1220.0;mCap: 1.0;mPack: 0.9325699745547074;sPrio: 3.0
394.0
-1;0;6;2;10;1;4;1;6;-1;-1;-1;7;-1;2;1;5;-1;0;5;7;4;-1;4;10
sCost: 976.0;mCap: 0.8666666746139526;mPack: 0.7506361323155216;sPrio: 35.0
394.0
1;4;4;2;7;10;0;-1;0;4;-1;2;7;-1;5;0;1;-1;10;0;-1;0;-1;-1;5
sCost: 854.0;mCap: 0.03333333507180214;mPack: 0.700381679389313;sPrio: 42.0
394.0
6;1;3;0;1;10;3;4;3;4;4;9;8;8;0;1;6;5;10;5;5;0;1;-1;9
sCost: 1098.0;mCap: 0.20000000298023224;mPack: 0.9344783715012722;sPrio: 7.0
394.0
3;10;1;7;2;5;5;-1;10;6;4;5;2;4;7;-1;6;-1;3;9;1;-1;-1;8;9
sCost: 1220.0;mCap: 1.0;mPack: 0.8587786259541985;sPrio: 27.0
394.0
0;10;0;9;4;1;1;4;10;6;-1;1;-1;11;-1;-1;6;5;12;5;8;-1;5;8;7
sCost: 1298.0;mCap: 1.0;mPack: 0.8346055979643766;sPrio: 29.0
394.0
-1;-1;1;-1;1;5;-1;2;2;-1;3;7;4;3;0;1;5;-1;-1;0;4;1;2;7;0
sCost: 854.0;mCap: 0.3333333432674408;mPack: 0.720737913486005;sPrio: 24.0
394.0
-1;-1;5;-1;2;2;9;1;5;-1;6;6;-1;4;-1;-1;9;1;4;-1;3;2;2;3;-1
sCost: 854.0;mCap: 0.8333333134651184;mPack: 0.6513994910941476;sPrio: 35.0
394.0
12;9;5;-1;8;-1;-1;-1;5;-1;9;4;8;7;4;6;6;-1;7;10;4;-1;-1;-1;10
sCost: 954.0;mCap: 1.0;mPack: 0.6685750636132315;sPrio: 47.0
394.0
5;4;0;7;5;-1;5;-1;0;-1;4;-1;-1;8;-1;-1;10;-1;8;-1;6;7;10;6;9
sCost: 976.0;mCap: 1.0;mPack: 0.700381679389313;sPrio: 49.0
394.0
3;10;5;6;3;4;3;-1;5;-1;4;10;7;8;7;-1;2;-1;8;9;2;-1;6;-1;9
sCost: 1098.0;mCap: 0.699999988079071;mPack: 0.7989821882951654;sPrio: 35.0
394.0
7;10;5;6;7;-1;-1;-1;5;-1;-1;10;-1;4;-1;-1;-1;8;4;9;-1;-1;6;-1;9
sCost: 854.0;mCap: 1.0;mPack: 0.5578880407124682;sPrio: 65.0
394.0
11;6;5;-1;7;-1;4;-1;5;-1;-1;6;4;-1;-1;-1;9;-1;7;-1;-1;4;7;8;10
sCost: 954.0;mCap: 0.9666666388511658;mPack: 0.60941475826972;sPrio: 59.0
394.0
6;6;0;4;7;5;2;-1;0;6;-1;-1;5;-1;-1;7;2;7;8;4;8;-1;8;9;10
sCost: 1098.0;mCap: 0.800000011920929;mPack: 0.7862595419847328;sPrio: 36.0
394.0
2;2;3;5;10;1;8;4;3;-1;11;4;7;7;6;5;6;-1;10;1;1;-1;1;-1;8
sCost: 1198.0;mCap: 0.46666666865348816;mPack: 0.8575063613231553;sPrio: 24.0
394.0
6;6;5;9;4;-1;8;4;5;-1;-1;7;11;10;-1;4;3;-1;10;7;-1;-1;3;-1;8
sCost: 1076.0;mCap: 1.0;mPack: 0.720737913486005;sPrio: 46.0
394.0
-1;5;6;7;1;-1;4;5;6;-1;3;3;1;10;-1;-1;8;-1;10;7;-1;-1;8;-1;4
sCost: 976.0;mCap: 1.0;mPack: 0.7232824427480916;sPrio: 43.0
394.0
0;0;4;6;9;9;6;7;4;9;7;1;-1;5;3;0;10;1;5;-1;8;9;10;8;3
sCost: 1220.0;mCap: 1.0;mPack: 0.9185750636132315;sPrio: 10.0
394.0
-1;-1;4;6;9;9;6;7;4;9;7;-1;-1;5;-1;-1;10;-1;5;-1;8;9;10;8;-1
sCost: 854.0;mCap: 1.0;mPack: 0.6469465648854962;sPrio: 39.0
394.0
1;-1;0;2;-1;9;1;6;0;-1;6;3;7;7;5;0;5;3;1;2;4;2;-1;4;9
sCost: 1098.0;mCap: 0.36666667461395264;mPack: 0.8950381679389313;sPrio: 10.0
394.0
9;8;0;5;9;4;9;-1;0;-1;3;3;-1;7;5;-1;10;8;7;9;6;-1;-1;4;6
sCost: 1098.0;mCap: 0.699999988079071;mPack: 0.83206106870229;sPrio: 30.0
394.0
5;4;0;1;5;2;2;-1;0;-1;3;3;-1;10;2;-1;6;4;10;2;5;-1;-1;9;7
sCost: 1220.0;mCap: 1.0;mPack: 0.83206106870229;sPrio: 30.0
394.0
5;5;6;-1;6;-1;9;12;8;-1;8;10;-1;4;-1;-1;9;4;11;-1;-1;-1;-1;-1;10
sCost: 932.0;mCap: 0.3333333432674408;mPack: 0.6342239185750635;sPrio: 53.0
394.0
3;8;6;7;3;8;1;4;0;-1;10;6;5;-1;-1;-1;1;-1;4;-1;5;-1;-1;-1;9
sCost: 1220.0;mCap: 1.0;mPack: 0.7436386768447838;sPrio: 44.0
394.0
0;8;6;7;0;8;1;4;0;-1;10;6;5;-1;-1;-1;1;-1;4;-1;5;-1;-1;-1;9
sCost: 1098.0;mCap: 0.3333333432674408;mPack: 0.7436386768447838;sPrio: 44.0
394.0
-1;6;5;9;5;-1;-1;-1;4;-1;6;4;10;-1;9;-1;7;-1;12;10;8;5;7;8;-1
sCost: 954.0;mCap: 1.0;mPack: 0.6819338422391857;sPrio: 39.0
394.0
-1;6;5;9;5;-1;-1;-1;4;-1;6;4;10;7;9;-1;-1;7;11;10;8;5;-1;8;-1
sCost: 954.0;mCap: 1.0;mPack: 0.6825699745547074;sPrio: 36.0
394.0
2;0;0;1;2;5;-1;4;6;4;5;6;11;7;2;1;3;7;4;2;3;-1;9;-1;9
sCost: 1198.0;mCap: 0.5333333611488342;mPack: 0.9020356234096693;sPrio: 14.0
394.0
-1;5;2;8;6;5;4;-1;2;4;3;1;6;1;8;3;-1;9;9;5;3;1;7;4;7
sCost: 1098.0;mCap: 0.8999999761581421;mPack: 0.8492366412213741;sPrio: 15.0
394.0
-1;4;1;9;4;-1;8;11;1;-1;-1;-1;0;-1;-1;-1;-1;0;8;4;3;-1;8;3;10
sCost: 954.0;mCap: 0.06666667014360428;mPack: 0.6603053435114503;sPrio: 50.0
394.0
9;8;4;5;3;6;2;-1;4;3;6;13;-1;9;5;-1;2;3;8;9;7;-1;10;7;10
sCost: 1198.0;mCap: 1.0;mPack: 0.8632315521628499;sPrio: 23.0
394.0
9;0;4;5;-1;6;2;-1;4;-1;6;-1;8;9;5;-1;2;-1;0;9;7;-1;10;7;10
sCost: 1098.0;mCap: 1.0;mPack: 0.7938931297709924;sPrio: 35.0
394.0
0;-1;8;7;0;5;-1;-1;8;0;5;2;9;10;-1;-1;-1;2;10;0;9;-1;-1;11;-1
sCost: 954.0;mCap: 0.8500000238418579;mPack: 0.6857506361323156;sPrio: 38.0
394.0
2;1;6;7;7;5;1;9;9;4;6;4;0;4;5;0;8;5;11;1;0;1;8;2;-1
sCost: 1198.0;mCap: 0.4000000059604645;mPack: 0.9325699745547074;sPrio: 3.0
394.0
2;7;0;5;4;4;1;7;0;2;-1;2;8;6;-1;4;9;-1;6;5;4;-1;8;1;10
sCost: 1220.0;mCap: 0.30000001192092896;mPack: 0.8632315521628499;sPrio: 26.0
394.0
4;4;11;-1;6;8;-1;-1;6;-1;-1;7;-1;8;-1;-1;9;-1;5;-1;-1;6;-1;-1;10
sCost: 954.0;mCap: 1.0;mPack: 0.5216284987277353;sPrio: 68.0
394.0
2;3;0;5;6;4;1;1;0;0;-1;-1;2;1;5;-1;6;3;-1;3;-1;-1;-1;4;9
sCost: 976.0;mCap: 0.1666666716337204;mPack: 0.7837150127226463;sPrio: 31.0
394.0
-1;7;8;6;-1;-1;-1;-1;5;-1;-1;-1;-1;9;-1;-1;4;5;8;-1;4;-1;-1;-1;10
sCost: 854.0;mCap: 0.699999988079071;mPack: 0.5178117048346056;sPrio: 68.0
394.0
1;5;9;8;9;6;1;0;1;1;-1;-1;12;6;5;0;4;-1;0;6;5;-1;4;7;10
sCost: 1198.0;mCap: 0.30000001192092896;mPack: 0.8435114503816794;sPrio: 27.0
394.0
-1;3;1;-1;2;3;0;-1;1;2;12;7;2;4;3;0;8;4;0;-1;5;0;8;7;5
sCost: 1076.0;mCap: 0.4333333373069763;mPack: 0.8307888040712468;sPrio: 17.0
394.0
6;3;1;9;2;3;-1;6;1;2;12;7;2;4;3;-1;8;4;-1;9;5;-1;8;7;5
sCost: 1198.0;mCap: 0.4333333373069763;mPack: 0.9052162849872774;sPrio: 12.0
394.0
2;11;0;5;9;2;4;1;0;-1;3;4;10;3;5;8;9;1;4;8;7;2;2;7;8
sCost: 1320.0;mCap: 0.4333333373069763;mPack: 0.9872773536895675;sPrio: 4.0
394.0
9;2;0;9;2;-1;2;-1;0;0;4;5;-1;7;4;4;6;5;7;8;10;4;6;10;8
sCost: 1098.0;mCap: 0.36666667461395264;mPack: 0.8568702290076335;sPrio: 19.0
394.0
-1;-1;8;4;5;-1;4;-1;6;-1;-1;-1;5;8;-1;-1;9;-1;11;6;6;-1;7;7;10
sCost: 954.0;mCap: 1.0;mPack: 0.6374045801526718;sPrio: 55.0
394.0
1;3;0;-1;2;6;6;6;5;2;3;12;13;0;4;2;1;4;2;4;-1;4;0;5;10
sCost: 1176.0;mCap: 0.2666666805744171;mPack: 0.8982188295165394;sPrio: 10.0
394.0
10;0;3;5;0;8;5;4;4;3;7;3;2;7;6;2;-1;8;-1;-1;2;0;0;6;10
sCost: 1098.0;mCap: 0.4000000059604645;mPack: 0.8619592875318066;sPrio: 11.0
394.0
0;1;10;9;-1;6;-1;6;1;-1;-1;10;2;8;-1;2;4;8;11;2;-1;6;4;-1;0
sCost: 1076.0;mCap: 0.6666666865348816;mPack: 0.7729007633587787;sPrio: 31.0
394.0
3;2;5;-1;0;0;6;6;1;3;-1;6;10;5;7;3;9;2;1;0;3;7;0;11;7
sCost: 1198.0;mCap: 0.6000000238418579;mPack: 0.8753180661577609;sPrio: 14.0
394.0
7;10;11;-1;4;5;9;6;6;-1;-1;10;-1;-1;-1;-1;9;5;-1;5;-1;-1;-1;7;4
sCost: 832.0;mCap: 0.6000000238418579;mPack: 0.6119592875318066;sPrio: 52.0
394.0
7;0;11;-1;4;0;3;2;2;-1;5;6;-1;6;-1;-1;3;5;-1;6;-1;0;0;7;4
sCost: 954.0;mCap: 0.10000000149011612;mPack: 0.7385496183206106;sPrio: 31.0
394.0
-1;4;6;7;6;-1;1;8;4;3;3;0;10;3;-1;6;1;8;0;7;5;0;1;5;11
sCost: 1198.0;mCap: 0.30000001192092896;mPack: 0.9090330788804071;sPrio: 11.0
394.0
7;4;6;9;6;7;-1;8;4;3;3;-1;-1;3;7;6;-1;8;-1;-1;5;9;-1;5;11
sCost: 954.0;mCap: 0.4333333373069763;mPack: 0.7213740458015268;sPrio: 29.0
394.0
1;0;2;4;-1;9;1;0;2;0;-1;7;3;7;4;6;-1;1;8;3;8;3;6;9;6
sCost: 1098.0;mCap: 0.6666666865348816;mPack: 0.8460559796437659;sPrio: 16.0
394.0
6;6;5;7;4;-1;7;-1;5;-1;9;-1;-1;10;8;-1;-1;-1;10;9;-1;-1;-1;4;8
sCost: 854.0;mCap: 1.0;mPack: 0.6049618320610687;sPrio: 60.0
394.0
-1;-1;5;7;4;-1;3;-1;5;-1;6;-1;-1;0;3;-1;1;4;6;7;4;-1;1;0;3
sCost: 854.0;mCap: 0.3333333432674408;mPack: 0.6959287531806615;sPrio: 41.0
394.0
-1;1;9;2;6;4;4;7;9;0;-1;3;6;7;8;-1;0;3;1;4;4;0;2;-1;8
sCost: 1098.0;mCap: 0.7666666507720947;mPack: 0.833969465648855;sPrio: 20.0
394.0
2;7;2;11;7;7;2;3;8;4;5;5;4;8;0;0;0;3;-1;8;6;4;4;6;10
sCost: 1198.0;mCap: 0.25;mPack: 0.9522900763358778;sPrio: 1.0
394.0
2;0;0;-1;-1;1;-1;1;8;-1;5;-1;6;5;-1;0;10;8;11;-1;6;10;1;-1;2
sCost: 954.0;mCap: 0.36666667461395264;mPack: 0.7213740458015268;sPrio: 34.0
394.0
7;3;0;1;9;2;1;2;0;2;5;9;11;5;8;-1;4;3;7;9;-1;4;10;10;8
sCost: 1320.0;mCap: 1.0;mPack: 0.9567430025445293;sPrio: 8.0
394.0
3;3;7;6;9;1;1;4;7;6;-1;1;9;8;-1;0;-1;4;8;-1;5;3;0;5;0
sCost: 1098.0;mCap: 0.7333333492279053;mPack: 0.8371501272264631;sPrio: 23.0
394.0
5;0;1;4;3;3;0;-1;0;7;6;6;5;2;4;3;9;1;2;3;10;-1;7;7;10
sCost: 1220.0;mCap: 0.46666666865348816;mPack: 0.9414758269720102;sPrio: 12.0
394.0
5;0;1;4;3;3;8;-1;0;7;6;6;5;2;4;3;9;1;2;3;10;-1;7;7;10
sCost: 1342.0;mCap: 0.8333333134651184;mPack: 0.9414758269720102;sPrio: 12.0
394.0
5;-1;8;-1;4;8;1;6;0;1;1;6;3;3;-1;-1;5;-1;0;0;1;4;-1;4;10
sCost: 976.0;mCap: 0.20000000298023224;mPack: 0.779262086513995;sPrio: 28.0
394.0
6;2;7;9;3;10;-1;-1;1;1;-1;-1;3;4;2;2;5;4;7;5;1;2;9;6;10
sCost: 1098.0;mCap: 0.6000000238418579;mPack: 0.8460559796437659;sPrio: 23.0
394.0
8;10;6;4;1;11;8;8;6;5;10;9;0;2;3;5;3;9;2;0;11;0;4;1;5
sCost: 1320.0;mCap: 0.949999988079071;mPack: 1.0;sPrio: 0.0
394.0
6;7;9;4;-1;6;11;11;9;5;7;8;0;2;3;5;3;8;2;0;6;0;4;-1;5
sCost: 1198.0;mCap: 0.8333333134651184;mPack: 0.9045801526717557;sPrio: 8.0
394.0
7;4;7;3;10;-1;3;8;5;-1;8;4;6;-1;6;4;-1;-1;5;7;-1;6;-1;-1;10
sCost: 854.0;mCap: 0.699999988079071;mPack: 0.6749363867684479;sPrio: 43.0
394.0
4;2;0;6;2;-1;6;4;0;-1;-1;-1;10;9;-1;4;7;9;5;2;5;-1;5;-1;8
sCost: 1098.0;mCap: 1.0;mPack: 0.7582697201017812;sPrio: 40.0
394.0
1;7;0;-1;4;1;1;2;0;1;2;-1;9;7;3;0;6;5;5;6;9;2;3;3;4
sCost: 1098.0;mCap: 0.23333333432674408;mPack: 0.8861323155216285;sPrio: 12.0
394.0
6;7;0;1;4;6;6;-1;0;6;-1;10;9;7;-1;-1;8;5;5;7;9;-1;-1;-1;4
sCost: 1098.0;mCap: 0.5666666626930237;mPack: 0.7703562340966921;sPrio: 39.0
394.0
5;2;1;9;5;0;1;4;1;2;4;5;0;2;7;-1;3;6;11;3;6;-1;-1;-1;7
sCost: 1198.0;mCap: 0.20000000298023224;mPack: 0.8867684478371501;sPrio: 19.0
394.0
-1;5;3;0;-1;2;-1;-1;3;0;-1;6;7;2;7;-1;1;5;-1;2;1;7;0;6;-1
sCost: 854.0;mCap: 0.4333333373069763;mPack: 0.6927480916030535;sPrio: 27.0
394.0
3;4;1;0;7;8;3;9;1;1;8;-1;2;3;6;2;6;-1;9;0;2;0;-1;7;4
sCost: 1098.0;mCap: 0.1666666716337204;mPack: 0.8912213740458015;sPrio: 17.0
394.0
-1;-1;4;1;-1;-1;-1;-1;4;-1;-1;-1;0;2;-1;1;-1;5;5;-1;-1;0;1;2;10
sCost: 732.0;mCap: 0.36666667461395264;mPack: 0.549618320610687;sPrio: 55.0
394.0
3;1;0;-1;-1;-1;-1;0;4;1;5;5;3;6;-1;-1;-1;4;1;-1;6;5;-1;-1;-1
sCost: 732.0;mCap: 0.4000000059604645;mPack: 0.5661577608142494;sPrio: 46.0
394.0
4;-1;2;-1;-1;4;5;-1;5;5;3;1;6;1;-1;1;-1;2;3;5;4;-1;-1;-1;-1
sCost: 732.0;mCap: 0.800000011920929;mPack: 0.549618320610687;sPrio: 46.0
394.0
8;10;5;0;8;1;0;3;7;-1;3;6;-1;10;5;4;4;7;6;9;8;9;5;1;9
sCost: 1220.0;mCap: 0.699999988079071;mPack: 0.9236641221374046;sPrio: 11.0
394.0
5;3;8;9;8;3;9;7;10;-1;7;10;4;-1;-1;5;2;-1;5;-1;4;-1;3;-1;6
sCost: 1098.0;mCap: 0.8666666746139526;mPack: 0.7767175572519084;sPrio: 37.0
394.0
6;4;0;9;0;3;9;7;4;-1;7;2;3;-1;-1;2;1;-1;2;-1;1;-1;0;-1;6
sCost: 976.0;mCap: 0.6000000238418579;mPack: 0.7767175572519084;sPrio: 37.0
394.0
-1;8;3;7;0;4;4;5;4;2;5;6;0;2;-1;4;-1;2;8;3;3;3;0;-1;6
sCost: 976.0;mCap: 0.13333334028720856;mPack: 0.806615776081425;sPrio: 20.0
394.0
7;3;8;9;4;-1;6;3;0;-1;-1;-1;5;-1;-1;-1;6;8;0;7;7;0;7;4;10
sCost: 1098.0;mCap: 0.4333333373069763;mPack: 0.7818066157760815;sPrio: 37.0
394.0
12;5;1;4;4;9;8;5;6;7;8;3;3;8;9;0;7;1;9;7;0;-1;5;0;6
sCost: 1198.0;mCap: 0.1666666716337204;mPack: 0.9853689567430025;sPrio: 5.0
394.0
2;8;0;-1;9;-1;-1;-1;0;0;4;7;9;4;5;7;5;8;7;1;-1;1;-1;2;1
sCost: 976.0;mCap: 0.46666666865348816;mPack: 0.7824427480916031;sPrio: 27.0
394.0
0;-1;1;-1;5;8;0;-1;1;0;4;-1;-1;4;0;1;2;-1;8;0;-1;2;-1;5;-1
sCost: 732.0;mCap: 0.36666667461395264;mPack: 0.5706106870229007;sPrio: 46.0
394.0
6;5;4;-1;-1;3;-1;-1;2;-1;2;5;6;-1;-1;-1;3;-1;4;1;-1;1;-1;1;10
sCost: 854.0;mCap: 0.3333333432674408;mPack: 0.6482188295165394;sPrio: 49.0
394.0
1;2;7;4;5;7;3;-1;6;-1;0;2;11;10;6;0;3;10;1;0;6;0;4;9;5
sCost: 1320.0;mCap: 0.8333333134651184;mPack: 0.943384223918575;sPrio: 11.0
394.0
7;1;4;9;2;10;6;2;4;9;1;-1;10;8;0;5;6;8;0;5;0;6;2;7;5
sCost: 1220.0;mCap: 0.5;mPack: 0.9592875318066157;sPrio: 6.0
394.0
4;6;5;9;-1;-1;8;-1;5;-1;6;-1;-1;-1;9;10;10;-1;8;7;8;7;-1;4;7
sCost: 854.0;mCap: 0.7666666507720947;mPack: 0.6634860050890585;sPrio: 46.0
394.0
7;1;1;4;7;2;4;0;6;6;6;7;5;5;8;0;3;-1;0;4;3;8;1;2;8
sCost: 1098.0;mCap: 0.1666666716337204;mPack: 0.950381679389313;sPrio: 8.0
394.0
9;0;4;10;2;7;8;1;6;7;1;0;-1;4;7;3;8;2;6;2;7;0;3;9;3
sCost: 1220.0;mCap: 0.7333333492279053;mPack: 0.9363867684478372;sPrio: 7.0
394.0
-1;1;6;-1;-1;11;7;1;3;-1;6;0;3;5;-1;-1;7;0;5;-1;-1;-1;2;-1;2
sCost: 954.0;mCap: 0.36666667461395264;mPack: 0.6876590330788804;sPrio: 40.0
394.0
4;-1;1;5;8;-1;2;2;1;1;9;3;8;2;-1;-1;0;3;9;0;5;3;0;4;10
sCost: 1098.0;mCap: 0.30000001192092896;mPack: 0.8848600508905853;sPrio: 16.0
394.0
6;4;9;-1;-1;-1;6;-1;6;8;5;-1;-1;-1;5;-1;7;4;9;5;7;-1;-1;8;11
sCost: 832.0;mCap: 0.699999988079071;mPack: 0.6234096692111959;sPrio: 49.0
394.0
4;8;2;9;8;6;7;7;7;5;5;5;12;4;8;0;3;11;2;0;4;3;3;0;6
sCost: 1298.0;mCap: 0.46666666865348816;mPack: 1.0;sPrio: 0.0
394.0
6;8;2;6;-1;4;0;4;2;2;3;3;8;10;7;4;0;10;5;5;5;0;7;-1;7
sCost: 1098.0;mCap: 0.36666667461395264;mPack: 0.9045801526717557;sPrio: 8.0
394.0
1;9;8;3;8;7;-1;-1;9;-1;5;5;11;12;3;1;4;1;7;-1;-1;-1;-1;6;10
sCost: 1298.0;mCap: 0.8333333134651184;mPack: 0.8460559796437659;sPrio: 28.0
394.0
0;9;8;3;8;7;-1;-1;9;-1;5;5;11;12;3;2;4;0;7;-1;-1;-1;-1;6;10
sCost: 1420.0;mCap: 1.0;mPack: 0.8460559796437659;sPrio: 28.0
394.0
6;-1;8;-1;-1;8;-1;-1;10;1;10;1;11;2;-1;2;7;-1;1;-1;7;-1;4;4;6
sCost: 954.0;mCap: 0.6666666865348816;mPack: 0.688295165394402;sPrio: 39.0
394.0
7;8;4;6;0;4;2;10;2;2;5;8;3;5;2;3;1;10;-1;6;1;4;3;0;7
sCost: 1220.0;mCap: 0.6666666865348816;mPack: 0.9522900763358778;sPrio: 1.0
394.0
3;0;0;-1;8;5;-1;8;6;3;3;4;4;9;-1;1;10;9;6;1;-1;0;8;5;1
sCost: 1098.0;mCap: 0.36666667461395264;mPack: 0.8594147582697201;sPrio: 17.0
394.0
2;5;0;8;2;1;2;6;11;3;5;-1;9;0;2;8;3;6;-1;9;4;-1;3;4;1
sCost: 1198.0;mCap: 0.5666666626930237;mPack: 0.8969465648854962;sPrio: 12.0
394.0
3;2;5;9;3;-1;7;5;3;-1;2;0;4;4;-1;9;7;-1;0;-1;-1;2;0;-1;-1
sCost: 854.0;mCap: 0.23333333432674408;mPack: 0.7016539440203562;sPrio: 39.0
394.0
-1;5;6;0;2;6;-1;4;3;6;5;-1;3;7;-1;2;-1;4;2;0;-1;0;-1;7;-1
sCost: 854.0;mCap: 0.36666667461395264;mPack: 0.6991094147582697;sPrio: 31.0
394.0
2;9;5;6;0;-1;6;5;1;-1;9;1;7;12;7;-1;8;4;0;1;4;4;0;2;10
sCost: 1320.0;mCap: 0.6333333253860474;mPack: 0.9370229007633588;sPrio: 13.0
394.0
5;4;3;7;2;4;7;2;3;5;0;5;6;6;4;3;11;-1;0;5;2;1;1;1;10
sCost: 1198.0;mCap: 0.30000001192092896;mPack: 0.950381679389313;sPrio: 8.0
394.0
7;8;1;4;6;2;5;1;8;1;2;5;7;0;3;2;3;0;5;0;4;-1;3;-1;6
sCost: 1098.0;mCap: 0.13333334028720856;mPack: 0.9198473282442748;sPrio: 12.0
394.0
3;6;4;0;1;-1;0;-1;6;3;-1;3;1;-1;-1;-1;-1;-1;4;-1;5;7;-1;7;5
sCost: 854.0;mCap: 0.9333333373069763;mPack: 0.6329516539440203;sPrio: 55.0
394.0
-1;5;0;-1;8;3;-1;-1;0;4;8;4;3;4;-1;10;9;5;-1;9;7;8;10;10;7
sCost: 976.0;mCap: 0.800000011920929;mPack: 0.7620865139949109;sPrio: 22.0
394.0
4;12;3;1;4;7;1;2;3;1;11;6;7;4;5;2;5;6;2;6;-1;3;8;10;8
sCost: 1298.0;mCap: 0.3333333432674408;mPack: 0.9713740458015268;sPrio: 4.0
394.0
-1;4;6;0;3;1;2;-1;6;-1;1;4;3;-1;0;4;7;-1;2;7;2;-1;8;-1;8
sCost: 976.0;mCap: 0.800000011920929;mPack: 0.7372773536895674;sPrio: 37.0
394.0
2;0;2;-1;4;6;1;5;8;2;7;7;4;8;-1;3;1;5;0;0;3;7;8;6;3
sCost: 1098.0;mCap: 0.20000000298023224;mPack: 0.905852417302799;sPrio: 11.0
394.0
1;-1;6;2;7;-1;8;-1;6;2;3;4;7;3;2;1;5;4;1;4;5;-1;8;-1;8
sCost: 976.0;mCap: 0.3333333432674408;mPack: 0.7964376590330788;sPrio: 26.0
394.0
