-1;-1;1;7;7;6;6;6;20;0;-1;-1;21;16;20;0;-1;-1;0;-1;1;0;-1;4;18
sCost: 1315.0;mCap: 0.6000000238418579;mPack: 0.6711195928753181;sPrio: 38.0
434.0
1;1;0;4;6;2;4;2;0;1;7;5;8;3;7;2;10;5;3;7;8;10;9;6;9
sCost: 2013.0;mCap: 1.0;mPack: 1.0;sPrio: 0.0
434.0
2;2;0;4;1;3;4;3;0;-1;7;5;6;8;7;2;10;5;8;7;6;10;9;1;9
sCost: 2013.0;mCap: 1.0;mPack: 0.9872773536895675;sPrio: 4.0
434.0
5;5;1;4;2;2;4;3;1;-1;-1;-1;6;8;-1;2;10;3;8;2;6;10;9;7;9
sCost: 1830.0;mCap: 0.8666666746139526;mPack: 0.8740458015267176;sPrio: 23.0
434.0
5;5;1;4;2;2;4;3;1;-1;-1;-1;6;8;-1;0;10;3;8;2;6;10;9;7;9
sCost: 2013.0;mCap: 1.0;mPack: 0.8740458015267176;sPrio: 23.0
434.0
5;5;0;4;2;2;4;-1;0;-1;-1;-1;6;8;7;-1;10;-1;8;2;6;10;9;7;9
sCost: 1647.0;mCap: 1.0;mPack: 0.7868956743002544;sPrio: 37.0
434.0
0;0;1;5;7;7;-1;6;1;0;6;8;11;9;-1;7;10;8;9;5;-1;7;4;-1;4
sCost: 1747.0;mCap: 1.0;mPack: 0.8670483460559797;sPrio: 18.0
434.0
10;7;3;5;6;7;9;10;3;-1;-1;8;9;1;0;-1;0;8;1;5;11;-1;4;6;4
sCost: 1930.0;mCap: 1.0;mPack: 0.9064885496183206;sPrio: 21.0
434.0
1;1;0;7;9;-1;-1;5;0;7;5;-1;-1;4;-1;10;8;4;10;8;10;1;6;9;6
sCost: 1647.0;mCap: 1.0;mPack: 0.8212468193384224;sPrio: 25.0
434.0
-1;-1;0;9;7;-1;-1;6;0;-1;6;-1;7;4;-1;5;-1;4;-1;-1;10;-1;9;10;5
sCost: 1281.0;mCap: 1.0;mPack: 0.6412213740458015;sPrio: 41.0
434.0
2;2;0;3;9;7;3;6;0;5;6;7;9;4;8;5;8;4;-1;7;10;-1;-1;10;5
sCost: 1830.0;mCap: 1.0;mPack: 0.9192111959287532;sPrio: 9.0
434.0
11;8;0;4;9;8;3;7;0;4;10;7;9;10;1;8;1;12;3;-1;3;-1;5;5;6
sCost: 2030.0;mCap: 1.0;mPack: 0.9675572519083969;sPrio: 8.0
434.0
12;8;4;-1;5;-1;8;10;0;-1;-1;-1;5;10;-1;8;9;-1;0;6;4;-1;-1;-1;6
sCost: 1381.0;mCap: 1.0;mPack: 0.6170483460559797;sPrio: 57.0
434.0
4;4;0;12;5;8;3;7;0;4;7;10;5;11;6;-1;3;10;8;-1;9;-1;-1;9;6
sCost: 1847.0;mCap: 0.25;mPack: 0.9344783715012722;sPrio: 15.0
434.0
4;4;0;1;5;8;3;7;0;4;7;10;5;11;6;-1;3;10;8;-1;9;-1;-1;9;6
sCost: 1930.0;mCap: 1.0;mPack: 0.9344783715012722;sPrio: 15.0
434.0
4;4;0;5;2;8;-1;7;0;4;7;10;3;11;6;-1;1;10;8;-1;9;-1;-1;9;6
sCost: 2113.0;mCap: 1.0;mPack: 0.9166666666666666;sPrio: 17.0
434.0
2;2;0;9;6;-1;-1;7;0;-1;11;12;5;7;4;2;10;6;1;5;8;-1;9;8;4
sCost: 2030.0;mCap: 1.0;mPack: 0.9192111959287532;sPrio: 16.0
434.0
8;7;0;4;8;7;1;-1;0;-1;3;3;5;9;8;7;1;9;11;10;5;4;6;10;6
sCost: 1930.0;mCap: 1.0;mPack: 0.943384223918575;sPrio: 11.0
434.0
5;4;0;7;4;-1;4;-1;0;5;-1;-1;6;2;7;2;8;-1;5;2;9;-1;6;9;10
sCost: 1647.0;mCap: 1.0;mPack: 0.7639949109414759;sPrio: 39.0
434.0
5;4;0;7;4;-1;4;-1;0;5;-1;-1;6;-1;7;-1;8;11;5;-1;9;-1;6;9;10
sCost: 1564.0;mCap: 1.0;mPack: 0.7391857506361323;sPrio: 43.0
434.0
1;7;0;2;9;3;4;3;0;8;11;4;8;1;2;1;6;-1;7;8;4;3;6;9;10
sCost: 1930.0;mCap: 1.0;mPack: 0.950381679389313;sPrio: 8.0
434.0
3;7;0;8;9;3;-1;5;0;-1;4;-1;12;4;-1;-1;6;5;7;-1;-1;10;6;9;10
sCost: 1747.0;mCap: 1.0;mPack: 0.8466921119592875;sPrio: 28.0
434.0
-1;7;0;8;9;-1;-1;5;0;-1;4;-1;12;4;-1;-1;6;5;7;-1;-1;10;6;9;10
sCost: 1564.0;mCap: 1.0;mPack: 0.7767175572519084;sPrio: 34.0
434.0
1;7;0;8;9;1;-1;-1;0;-1;4;-1;6;4;1;-1;5;-1;7;8;-1;10;5;9;10
sCost: 1647.0;mCap: 1.0;mPack: 0.7919847328244275;sPrio: 35.0
434.0
4;7;0;8;9;4;-1;-1;0;-1;-1;-1;6;-1;4;-1;5;-1;7;8;6;10;5;9;10
sCost: 1464.0;mCap: 1.0;mPack: 0.7270992366412214;sPrio: 44.0
434.0
4;7;0;8;9;4;-1;-1;0;-1;-1;-1;6;3;4;-1;5;3;7;8;6;10;5;9;10
sCost: 1647.0;mCap: 1.0;mPack: 0.8187022900763359;sPrio: 31.0
434.0
-1;4;0;10;9;-1;7;-1;0;-1;4;6;9;-1;-1;-1;-1;6;12;1;-1;-1;1;7;1
sCost: 1381.0;mCap: 0.5666666626930237;mPack: 0.6800254452926209;sPrio: 47.0
434.0
0;0;2;8;1;5;8;1;2;0;5;3;4;10;1;7;7;10;3;6;9;-1;4;9;6
sCost: 2013.0;mCap: 1.0;mPack: 0.9853689567430025;sPrio: 5.0
434.0
6;6;0;4;7;-1;7;5;0;6;-1;7;11;-1;4;-1;8;5;10;-1;10;-1;-1;-1;9
sCost: 1564.0;mCap: 1.0;mPack: 0.739821882951654;sPrio: 40.0
434.0
1;10;0;6;7;9;5;1;0;0;3;-1;10;4;6;1;2;4;5;3;5;3;2;7;9
sCost: 1830.0;mCap: 0.36666667461395264;mPack: 0.9592875318066157;sPrio: 6.0
434.0
-1;-1;5;4;-1;-1;-1;9;5;6;10;-1;-1;-1;4;6;7;9;-1;7;8;10;10;8;6
sCost: 1281.0;mCap: 1.0;mPack: 0.6444020356234097;sPrio: 30.0
434.0
8;5;0;7;8;8;7;9;0;-1;-1;12;-1;4;5;-1;6;9;4;6;5;-1;-1;-1;10
sCost: 1564.0;mCap: 0.7666666507720947;mPack: 0.7589058524173028;sPrio: 38.0
434.0
7;7;0;6;8;-1;6;4;0;7;-1;-1;8;9;9;-1;5;4;11;5;-1;10;-1;-1;10
sCost: 1564.0;mCap: 1.0;mPack: 0.744910941475827;sPrio: 37.0
434.0
-1;-1;0;7;1;4;4;-1;0;6;-1;8;9;10;4;6;5;8;10;4;9;7;5;1;6
sCost: 1647.0;mCap: 1.0;mPack: 0.8263358778625954;sPrio: 18.0
434.0
1;1;0;7;3;-1;3;3;0;-1;-1;8;12;10;-1;1;6;8;10;-1;5;7;9;5;9
sCost: 1747.0;mCap: 1.0;mPack: 0.861323155216285;sPrio: 25.0
434.0
10;10;1;6;0;2;0;0;8;4;8;4;9;4;6;-1;7;11;2;7;5;-1;3;5;3
sCost: 2113.0;mCap: 1.0;mPack: 0.9707379134860051;sPrio: 9.0
434.0
-1;5;0;7;11;11;7;8;0;6;8;6;-1;6;-1;-1;4;-1;9;9;-1;9;4;-1;5
sCost: 1381.0;mCap: 0.1666666716337204;mPack: 0.72264631043257;sPrio: 36.0
434.0
3;3;0;10;5;5;9;-1;0;6;4;2;6;2;-1;6;9;-1;11;7;5;-1;8;8;7
sCost: 1930.0;mCap: 1.0;mPack: 0.8708651399491094;sPrio: 25.0
434.0
0;0;4;1;5;5;1;9;4;10;6;6;10;8;10;0;-1;8;9;-1;5;-1;7;-1;7
sCost: 1647.0;mCap: 0.8999999761581421;mPack: 0.8295165394402035;sPrio: 22.0
434.0
2;5;0;3;2;7;4;-1;0;2;6;-1;4;8;4;2;9;5;8;3;6;6;9;10;7
sCost: 1830.0;mCap: 0.6000000238418579;mPack: 0.9153944020356234;sPrio: 13.0
434.0
0;10;1;-1;1;-1;1;-1;7;1;-1;7;6;-1;-1;-1;-1;0;10;6;9;-1;0;9;8
sCost: 1281.0;mCap: 0.2666666805744171;mPack: 0.6310432569974554;sPrio: 52.0
434.0
1;6;0;7;6;4;1;10;0;-1;-1;-1;11;4;1;-1;5;-1;10;4;9;1;5;9;8
sCost: 1747.0;mCap: 1.0;mPack: 0.8307888040712468;sPrio: 30.0
434.0
-1;6;0;7;6;4;-1;10;0;-1;-1;-1;-1;4;-1;-1;5;-1;10;4;9;-1;5;9;8
sCost: 1464.0;mCap: 1.0;mPack: 0.6793893129770993;sPrio: 50.0
434.0
2;1;0;7;1;4;1;10;0;2;-1;2;6;4;-1;-1;5;-1;10;4;9;6;5;9;8
sCost: 1830.0;mCap: 1.0;mPack: 0.8632315521628499;sPrio: 25.0
434.0
1;1;0;7;6;4;6;10;0;1;-1;6;-1;4;-1;-1;5;11;10;4;9;-1;5;9;8
sCost: 1747.0;mCap: 1.0;mPack: 0.8346055979643766;sPrio: 29.0
434.0
2;2;0;3;5;6;3;5;0;2;6;8;10;8;-1;-1;9;-1;11;5;4;-1;7;4;7
sCost: 1930.0;mCap: 1.0;mPack: 0.9001272264631043;sPrio: 22.0
434.0
2;-1;0;5;6;-1;2;-1;0;7;-1;9;6;8;5;2;4;9;8;4;2;7;10;7;10
sCost: 1647.0;mCap: 1.0;mPack: 0.8250636132315522;sPrio: 22.0
434.0
3;-1;0;1;6;-1;3;5;0;7;5;9;6;8;1;3;4;9;8;4;3;7;10;7;10
sCost: 1830.0;mCap: 1.0;mPack: 0.9204834605597965;sPrio: 7.0
434.0
0;0;1;2;6;-1;2;5;1;0;5;9;6;10;-1;-1;4;9;10;4;8;-1;7;8;7
sCost: 1830.0;mCap: 1.0;mPack: 0.9141221374045801;sPrio: 19.0
434.0
1;1;11;2;6;3;2;8;3;1;8;9;6;10;-1;3;0;9;10;0;5;11;7;5;7
sCost: 1930.0;mCap: 1.0;mPack: 0.9790076335877863;sPrio: 5.0
434.0
4;4;11;1;6;0;1;-1;0;0;2;9;6;2;8;3;3;9;8;8;5;11;7;5;7
sCost: 1930.0;mCap: 1.0;mPack: 0.9561068702290076;sPrio: 7.0
434.0
-1;6;0;10;8;9;2;1;0;2;2;-1;8;1;10;-1;11;9;6;1;5;7;0;5;7
sCost: 1747.0;mCap: 0.1666666716337204;mPack: 0.9103053435114504;sPrio: 11.0
434.0
-1;6;0;10;8;9;-1;-1;0;-1;-1;-1;8;-1;10;-1;11;9;6;-1;5;7;-1;5;7
sCost: 1381.0;mCap: 0.30000001192092896;mPack: 0.7061068702290076;sPrio: 43.0
434.0
1;5;0;4;2;5;6;-1;0;0;-1;-1;6;11;4;5;9;7;2;2;7;7;6;10;1
sCost: 1747.0;mCap: 0.46666666865348816;mPack: 0.8638676844783715;sPrio: 21.0
434.0
-1;10;7;-1;8;10;-1;5;7;-1;5;-1;4;-1;4;10;9;-1;-1;9;-1;-1;6;8;6
sCost: 1281.0;mCap: 1.0;mPack: 0.638676844783715;sPrio: 42.0
434.0
1;8;0;7;1;6;6;10;0;2;10;4;2;4;1;2;9;6;8;9;7;-1;5;-1;5
sCost: 1830.0;mCap: 0.6000000238418579;mPack: 0.9198473282442748;sPrio: 12.0
434.0
1;8;0;7;1;6;1;10;0;1;10;4;-1;4;-1;-1;9;6;8;9;7;-1;5;-1;5
sCost: 1647.0;mCap: 0.6666666865348816;mPack: 0.8206106870229007;sPrio: 28.0
434.0
11;8;0;2;11;6;-1;10;0;5;10;-1;4;-1;2;4;9;6;8;9;7;4;5;7;5
sCost: 1747.0;mCap: 0.8333333134651184;mPack: 0.8994910941475827;sPrio: 13.0
434.0
-1;8;0;-1;6;-1;-1;10;0;-1;10;7;4;-1;-1;4;9;7;8;9;-1;4;5;6;5
sCost: 1464.0;mCap: 1.0;mPack: 0.7347328244274809;sPrio: 32.0
434.0
6;9;0;-1;6;8;6;-1;0;-1;-1;-1;7;8;7;8;4;9;11;10;-1;4;5;10;5
sCost: 1564.0;mCap: 1.0;mPack: 0.7493638676844784;sPrio: 35.0
434.0
5;4;0;1;3;3;6;2;0;-1;2;9;9;7;5;3;6;5;4;7;7;3;1;-1;10
sCost: 1830.0;mCap: 0.5;mPack: 0.9217557251908397;sPrio: 11.0
434.0
1;4;0;3;7;11;6;8;0;7;8;5;9;5;3;-1;6;1;4;9;11;-1;10;7;10
sCost: 1930.0;mCap: 0.3333333432674408;mPack: 0.9707379134860051;sPrio: 9.0
434.0
4;9;5;8;6;4;2;7;5;-1;11;-1;6;7;-1;-1;10;-1;9;-1;-1;4;-1;-1;2
sCost: 1564.0;mCap: 1.0;mPack: 0.7309160305343512;sPrio: 44.0
434.0
4;4;0;7;5;-1;-1;-1;0;-1;-1;10;-1;10;-1;4;9;6;11;8;6;-1;-1;5;8
sCost: 1564.0;mCap: 1.0;mPack: 0.720737913486005;sPrio: 46.0
434.0
1;1;0;2;9;6;2;-1;0;1;4;4;5;9;9;-1;7;-1;6;-1;10;7;8;10;8
sCost: 1830.0;mCap: 1.0;mPack: 0.8740458015267176;sPrio: 22.0
434.0
4;4;0;-1;9;-1;-1;-1;0;4;-1;7;9;-1;-1;6;-1;7;6;10;6;-1;8;8;10
sCost: 1281.0;mCap: 1.0;mPack: 0.6278625954198473;sPrio: 50.0
434.0
-1;-1;1;-1;4;0;6;7;1;-1;10;10;6;0;3;6;2;3;7;2;3;-1;0;4;-1
sCost: 1464.0;mCap: 0.800000011920929;mPack: 0.7538167938931297;sPrio: 21.0
434.0
-1;-1;0;8;4;-1;-1;7;0;-1;-1;6;11;6;10;5;10;5;7;-1;5;8;9;4;9
sCost: 1564.0;mCap: 1.0;mPack: 0.7862595419847328;sPrio: 25.0
434.0
4;10;10;4;-1;-1;-1;-1;11;-1;-1;-1;6;9;6;5;7;-1;9;-1;8;-1;-1;8;5
sCost: 1381.0;mCap: 0.36666667461395264;mPack: 0.6673027989821882;sPrio: 52.0
434.0
4;10;10;4;0;0;0;-1;11;-1;2;2;6;9;6;5;7;-1;9;-1;8;-1;-1;8;5
sCost: 1747.0;mCap: 0.36666667461395264;mPack: 0.8428753180661578;sPrio: 30.0
434.0
1;10;10;4;0;0;0;-1;11;-1;2;2;6;9;6;5;7;-1;9;-1;8;-1;-1;8;5
sCost: 1930.0;mCap: 1.0;mPack: 0.8428753180661578;sPrio: 30.0
434.0
6;-1;0;4;7;-1;-1;10;0;-1;6;-1;9;8;4;-1;5;10;8;-1;9;5;-1;-1;7
sCost: 1464.0;mCap: 0.8999999761581421;mPack: 0.732824427480916;sPrio: 36.0
434.0
1;-1;0;-1;1;-1;6;10;0;1;4;4;5;9;-1;-1;6;10;9;7;5;-1;1;11;7
sCost: 1564.0;mCap: 0.8500000238418579;mPack: 0.7970737913486006;sPrio: 27.0
434.0
6;-1;0;9;10;-1;-1;-1;1;-1;-1;11;8;0;-1;-1;-1;6;1;9;8;11;7;10;7
sCost: 1381.0;mCap: 1.0;mPack: 0.6863867684478371;sPrio: 44.0
434.0
6;2;0;9;10;2;3;3;1;2;4;-1;8;0;3;4;5;6;1;9;8;-1;7;10;7
sCost: 2013.0;mCap: 1.0;mPack: 0.9446564885496184;sPrio: 11.0
434.0
5;2;0;4;5;-1;4;-1;0;0;2;-1;11;6;8;-1;9;6;8;9;7;8;4;7;10
sCost: 1747.0;mCap: 0.2666666805744171;mPack: 0.8651399491094147;sPrio: 22.0
434.0
1;5;11;4;0;2;2;-1;12;-1;7;1;9;6;9;-1;8;6;5;1;7;-1;4;0;10
sCost: 2030.0;mCap: 1.0;mPack: 0.9141221374045801;sPrio: 20.0
434.0
2;7;3;2;6;-1;7;9;3;8;4;-1;6;4;5;-1;10;8;11;7;8;7;-1;9;5
sCost: 1747.0;mCap: 0.2666666805744171;mPack: 0.8905852417302799;sPrio: 18.0
434.0
-1;5;0;7;10;-1;-1;4;0;-1;4;5;10;9;7;2;2;9;11;2;6;3;-1;6;3
sCost: 1747.0;mCap: 0.5;mPack: 0.8810432569974554;sPrio: 15.0
434.0
-1;9;0;7;1;4;7;-1;0;5;4;8;-1;6;-1;-1;10;6;8;9;9;5;10;1;5
sCost: 1647.0;mCap: 1.0;mPack: 0.8225190839694656;sPrio: 24.0
434.0
9;9;3;2;4;4;3;1;4;-1;6;1;-1;3;-1;2;-1;-1;12;1;8;-1;2;8;10
sCost: 1564.0;mCap: 0.2666666805744171;mPack: 0.7659033078880407;sPrio: 36.0
434.0
6;2;0;9;5;3;4;4;0;2;2;7;5;6;6;7;3;-1;7;0;4;5;4;-1;10
sCost: 1647.0;mCap: 0.20000000298023224;mPack: 0.8848600508905853;sPrio: 15.0
434.0
4;7;0;9;6;4;4;8;0;-1;-1;-1;6;-1;-1;-1;5;-1;8;7;7;-1;-1;-1;10
sCost: 1464.0;mCap: 1.0;mPack: 0.6692111959287532;sPrio: 55.0
434.0
4;5;0;10;-1;-1;7;-1;0;-1;6;6;9;-1;-1;-1;7;-1;11;-1;8;-1;9;8;4
sCost: 1564.0;mCap: 0.6666666865348816;mPack: 0.7181933842239185;sPrio: 47.0
434.0
0;5;1;10;-1;-1;7;-1;1;-1;6;6;9;-1;-1;-1;7;-1;11;-1;8;-1;9;8;4
sCost: 1747.0;mCap: 1.0;mPack: 0.7181933842239185;sPrio: 47.0
434.0
8;5;0;10;6;6;10;-1;0;9;5;-1;-1;7;4;6;8;-1;7;-1;-1;6;9;9;4
sCost: 1464.0;mCap: 0.4000000059604645;mPack: 0.7557251908396947;sPrio: 35.0
434.0
10;10;0;4;8;5;1;2;0;10;3;3;-1;8;7;1;7;1;2;9;8;4;1;5;9
sCost: 1830.0;mCap: 0.699999988079071;mPack: 0.9363867684478372;sPrio: 7.0
434.0
6;0;1;6;0;7;0;7;1;5;12;5;9;5;-1;-1;4;-1;11;8;9;7;4;8;10
sCost: 1847.0;mCap: 0.36666667461395264;mPack: 0.9147582697201018;sPrio: 17.0
434.0
0;5;1;7;2;5;0;6;1;-1;6;8;4;10;4;0;-1;10;8;7;0;5;9;2;9
sCost: 1830.0;mCap: 1.0;mPack: 0.9147582697201018;sPrio: 11.0
434.0
5;-1;0;5;9;-1;8;-1;0;-1;4;4;-1;6;-1;-1;10;9;6;-1;7;-1;10;7;8
sCost: 1464.0;mCap: 0.36666667461395264;mPack: 0.7321882951653944;sPrio: 42.0
434.0
6;6;4;5;9;-1;8;-1;4;-1;-1;-1;-1;-1;-1;5;10;9;11;-1;7;9;-1;7;8
sCost: 1381.0;mCap: 1.0;mPack: 0.6526717557251909;sPrio: 53.0
434.0
2;6;0;5;2;7;5;8;0;-1;7;10;-1;10;-1;9;9;6;8;3;2;-1;4;3;4
sCost: 1830.0;mCap: 1.0;mPack: 0.8880407124681934;sPrio: 21.0
434.0
5;6;0;9;4;7;1;8;0;7;7;1;3;1;3;-1;-1;6;8;4;4;3;4;5;-1
sCost: 1647.0;mCap: 0.7333333492279053;mPack: 0.8454198473282443;sPrio: 14.0
434.0
1;1;0;6;4;7;5;-1;0;1;7;-1;8;-1;-1;-1;10;-1;12;4;4;-1;4;5;9
sCost: 1747.0;mCap: 1.0;mPack: 0.7735368956743003;sPrio: 40.0
434.0
2;5;9;4;10;6;-1;6;1;4;5;9;0;8;0;-1;3;11;8;7;2;-1;2;10;7
sCost: 2113.0;mCap: 1.0;mPack: 0.9529262086513995;sPrio: 11.0
434.0
1;5;9;4;10;6;-1;6;1;4;5;9;0;8;0;-1;3;11;8;7;12;-1;1;10;7
sCost: 2030.0;mCap: 0.9333333373069763;mPack: 0.9529262086513995;sPrio: 11.0
434.0
12;10;0;7;-1;-1;-1;-1;5;-1;8;8;6;5;-1;-1;4;10;0;9;6;4;7;-1;9
sCost: 1564.0;mCap: 0.9333333373069763;mPack: 0.7589058524173028;sPrio: 35.0
434.0
2;2;0;6;5;7;5;-1;0;-1;-1;-1;8;7;-1;10;9;-1;5;4;-1;7;8;4;10
sCost: 1647.0;mCap: 1.0;mPack: 0.7519083969465649;sPrio: 42.0
434.0
9;4;0;-1;4;-1;4;-1;0;-1;9;5;6;5;10;-1;7;-1;11;6;-1;8;7;10;8
sCost: 1564.0;mCap: 1.0;mPack: 0.7417302798982188;sPrio: 38.0
434.0
8;-1;6;7;8;-1;8;-1;6;-1;-1;-1;-1;4;7;-1;5;9;4;9;-1;-1;-1;-1;10
sCost: 1281.0;mCap: 1.0;mPack: 0.5661577608142494;sPrio: 62.0
434.0
6;3;3;7;9;1;5;0;1;1;-1;13;9;0;7;4;5;6;2;-1;2;-1;2;4;10
sCost: 1930.0;mCap: 1.0;mPack: 0.916030534351145;sPrio: 16.0
434.0
6;10;0;1;5;-1;1;7;0;-1;5;-1;11;6;-1;-1;9;7;10;-1;-1;-1;-1;4;8
sCost: 1747.0;mCap: 1.0;mPack: 0.7958015267175572;sPrio: 39.0
434.0
8;4;0;9;6;-1;5;4;0;-1;8;10;3;-1;9;-1;5;-1;10;7;3;-1;-1;6;7
sCost: 1647.0;mCap: 1.0;mPack: 0.8123409669211196;sPrio: 34.0
434.0
8;4;0;9;6;-1;5;4;0;-1;8;10;-1;-1;9;-1;5;-1;10;7;-1;-1;0;6;7
sCost: 1464.0;mCap: 0.1666666716337204;mPack: 0.7385496183206106;sPrio: 42.0
434.0
4;1;1;-1;-1;2;-1;6;2;-1;3;5;4;5;-1;2;-1;-1;6;0;3;-1;3;-1;0
sCost: 1281.0;mCap: 0.8333333134651184;mPack: 0.6431297709923665;sPrio: 45.0
434.0
-1;10;0;7;-1;8;-1;6;0;-1;8;4;4;-1;-1;-1;-1;-1;6;8;9;-1;7;9;10
sCost: 1281.0;mCap: 0.1666666716337204;mPack: 0.6908396946564885;sPrio: 42.0
434.0
4;5;0;1;6;7;7;7;0;1;-1;2;6;5;-1;5;9;2;4;1;8;2;0;8;10
sCost: 1830.0;mCap: 0.1666666716337204;mPack: 0.9274809160305344;sPrio: 13.0
434.0
6;-1;0;9;7;-1;-1;8;0;-1;4;4;3;8;-1;-1;10;-1;6;-1;3;-1;6;7;5
sCost: 1647.0;mCap: 0.7333333492279053;mPack: 0.772264631043257;sPrio: 38.0
434.0
4;4;5;-1;-1;8;10;-1;5;-1;-1;-1;7;11;-1;4;6;-1;8;-1;-1;-1;-1;9;10
sCost: 1381.0;mCap: 1.0;mPack: 0.5979643765903309;sPrio: 60.0
434.0
7;5;11;7;4;5;-1;6;9;-1;4;6;-1;-1;-1;-1;8;-1;9;-1;-1;-1;-1;12;10
sCost: 1481.0;mCap: 0.36666667461395264;mPack: 0.6991094147582697;sPrio: 50.0
434.0
7;7;0;8;5;-1;-1;-1;0;-1;-1;-1;5;9;4;6;6;-1;9;-1;10;-1;8;10;4
sCost: 1464.0;mCap: 1.0;mPack: 0.7156488549618321;sPrio: 48.0
434.0
7;7;0;8;5;-1;-1;-1;0;-1;-1;4;5;9;-1;6;6;4;9;-1;10;7;8;10;-1
sCost: 1464.0;mCap: 1.0;mPack: 0.7321882951653944;sPrio: 37.0
434.0
0;-1;3;6;6;-1;2;8;3;4;8;0;2;9;5;4;5;4;9;4;10;0;2;-1;10
sCost: 1647.0;mCap: 0.6000000238418579;mPack: 0.8549618320610687;sPrio: 14.0
434.0
8;4;0;9;9;-1;-1;-1;0;-1;6;6;7;-1;-1;3;8;4;3;5;7;3;10;5;10
sCost: 1647.0;mCap: 0.4000000059604645;mPack: 0.8269720101781171;sPrio: 28.0
434.0
-1;4;0;9;9;-1;-1;-1;0;-1;6;6;7;8;-1;-1;-1;4;8;5;7;-1;10;5;10
sCost: 1464.0;mCap: 0.6000000238418579;mPack: 0.732824427480916;sPrio: 40.0
434.0
2;2;1;8;0;3;5;7;1;-1;3;7;5;9;6;9;10;-1;0;4;9;8;10;4;6
sCost: 2013.0;mCap: 1.0;mPack: 0.9376590330788804;sPrio: 12.0
434.0
2;2;1;8;0;3;5;7;1;-1;11;7;5;9;6;9;10;-1;0;0;9;8;10;3;6
sCost: 1930.0;mCap: 0.699999988079071;mPack: 0.9376590330788804;sPrio: 12.0
434.0
-1;6;5;9;6;10;6;-1;5;-1;-1;-1;-1;4;9;-1;-1;10;4;-1;7;-1;-1;7;8
sCost: 1281.0;mCap: 1.0;mPack: 0.6151399491094147;sPrio: 55.0
434.0
4;4;0;5;7;2;5;10;0;4;10;-1;9;-1;-1;2;-1;7;2;6;8;7;9;8;6
sCost: 1647.0;mCap: 0.8666666746139526;mPack: 0.8237913486005088;sPrio: 23.0
434.0
3;3;2;6;9;-1;10;7;2;8;1;-1;4;4;5;8;5;9;7;1;1;3;6;10;8
sCost: 1830.0;mCap: 0.46666666865348816;mPack: 0.9236641221374046;sPrio: 11.0
434.0
-1;6;0;5;8;-1;-1;6;0;-1;7;7;-1;9;5;-1;-1;9;10;4;10;-1;10;8;4
sCost: 1464.0;mCap: 1.0;mPack: 0.7340966921119593;sPrio: 35.0
434.0
-1;-1;0;-1;4;11;-1;6;6;-1;-1;9;1;1;-1;-1;8;0;9;7;-1;-1;8;4;7
sCost: 1381.0;mCap: 0.46666666865348816;mPack: 0.6876590330788804;sPrio: 41.0
434.0
7;7;11;9;6;6;6;-1;0;-1;-1;-1;8;-1;-1;-1;10;-1;13;-1;-1;-1;4;4;5
sCost: 1664.0;mCap: 1.0;mPack: 0.6628498727735369;sPrio: 59.0
434.0
7;7;0;9;7;9;0;6;0;-1;-1;2;8;2;-1;3;10;3;6;3;8;5;4;4;5
sCost: 1830.0;mCap: 0.20000000298023224;mPack: 0.9147582697201018;sPrio: 17.0
434.0
5;7;0;-1;5;-1;5;-1;0;5;8;-1;4;8;4;-1;6;-1;7;6;10;-1;9;10;9
sCost: 1464.0;mCap: 1.0;mPack: 0.727735368956743;sPrio: 41.0
434.0
6;3;0;8;7;4;3;7;0;-1;4;-1;5;2;3;-1;9;6;2;5;11;-1;7;-1;10
sCost: 1930.0;mCap: 1.0;mPack: 0.8517811704834606;sPrio: 26.0
434.0
12;6;0;-1;5;6;7;1;0;-1;-1;2;2;1;-1;-1;7;9;11;9;9;1;6;5;10
sCost: 1664.0;mCap: 0.5333333611488342;mPack: 0.8269720101781171;sPrio: 27.0
434.0
4;6;1;5;0;6;4;7;1;0;0;4;8;7;-1;-1;9;-1;11;5;3;6;8;3;10
sCost: 1930.0;mCap: 1.0;mPack: 0.9147582697201018;sPrio: 17.0
434.0
1;1;0;2;5;5;2;-1;0;4;-1;3;3;8;4;2;7;4;8;1;5;4;7;11;10
sCost: 1747.0;mCap: 0.46666666865348816;mPack: 0.9045801526717557;sPrio: 15.0
434.0
6;8;0;7;5;5;5;-1;0;-1;8;9;6;2;-1;-1;4;2;11;4;9;7;3;3;10
sCost: 1930.0;mCap: 0.8666666746139526;mPack: 0.9077608142493638;sPrio: 20.0
434.0
-1;-1;0;4;2;2;-1;10;0;-1;10;9;-1;8;4;5;6;8;9;6;2;5;1;5;1
sCost: 1647.0;mCap: 1.0;mPack: 0.8276081424936387;sPrio: 16.0
434.0
3;3;0;8;10;9;4;1;0;6;1;5;11;5;3;8;7;4;9;6;4;5;7;6;10
sCost: 1930.0;mCap: 0.800000011920929;mPack: 1.0;sPrio: 0.0
434.0
-1;-1;0;-1;10;9;4;-1;0;6;-1;5;11;5;-1;-1;7;4;9;6;4;5;7;6;10
sCost: 1381.0;mCap: 0.8999999761581421;mPack: 0.7175572519083969;sPrio: 33.0
434.0
3;3;2;5;10;9;4;6;2;-1;6;0;-1;0;5;3;7;4;9;-1;4;0;7;-1;10
sCost: 1647.0;mCap: 0.8999999761581421;mPack: 0.8403307888040712;sPrio: 21.0
434.0
9;8;6;5;8;2;4;7;6;2;7;2;-1;-1;5;-1;4;9;-1;-1;10;9;8;-1;10
sCost: 1464.0;mCap: 0.8333333134651184;mPack: 0.7487277353689568;sPrio: 27.0
434.0
0;8;6;5;8;-1;4;7;6;-1;7;-1;-1;3;5;-1;4;0;3;9;10;0;8;9;10
sCost: 1647.0;mCap: 0.8333333134651184;mPack: 0.8326972010178118;sPrio: 26.0
434.0
6;5;0;10;5;-1;-1;-1;0;-1;7;-1;-1;-1;-1;-1;4;-1;6;4;7;-1;8;9;8
sCost: 1464.0;mCap: 1.0;mPack: 0.643765903307888;sPrio: 58.0
434.0
9;6;5;8;6;-1;6;-1;5;-1;4;-1;10;-1;-1;-1;2;-1;9;8;4;-1;2;-1;7
sCost: 1464.0;mCap: 1.0;mPack: 0.6596692111959288;sPrio: 56.0
434.0
-1;1;0;7;1;1;3;-1;0;-1;5;5;3;10;7;-1;-1;-1;10;3;6;-1;-1;6;-1
sCost: 1281.0;mCap: 0.2666666805744171;mPack: 0.6717557251908397;sPrio: 42.0
434.0
1;1;0;4;2;3;5;10;0;1;2;10;9;6;-1;4;8;6;3;8;9;-1;7;7;5
sCost: 2013.0;mCap: 1.0;mPack: 0.9643765903307888;sPrio: 10.0
434.0
8;-1;12;5;-1;-1;-1;-1;7;-1;-1;7;9;-1;-1;5;10;-1;-1;6;-1;-1;9;6;8
sCost: 1198.0;mCap: 0.6666666865348816;mPack: 0.5610687022900763;sPrio: 57.0
434.0
3;5;2;7;3;5;3;9;9;-1;-1;1;4;11;3;-1;10;1;2;4;6;-1;7;6;12
sCost: 1847.0;mCap: 0.6000000238418579;mPack: 0.9064885496183206;sPrio: 21.0
434.0
-1;-1;0;4;5;3;0;11;0;-1;-1;-1;5;7;-1;1;1;7;10;1;10;-1;4;3;-1
sCost: 1381.0;mCap: 0.20000000298023224;mPack: 0.7137404580152672;sPrio: 34.0
434.0
5;5;0;7;4;1;9;-1;0;1;1;8;4;9;-1;9;6;-1;8;6;-1;-1;9;3;10
sCost: 1830.0;mCap: 0.7666666507720947;mPack: 0.8422391857506362;sPrio: 29.0
434.0
5;9;0;-1;3;7;4;2;0;4;2;5;9;4;0;-1;3;7;11;4;6;5;8;6;8
sCost: 1747.0;mCap: 0.03333333507180214;mPack: 0.9122137404580153;sPrio: 10.0
434.0
4;9;6;-1;8;9;-1;-1;6;-1;-1;5;8;-1;-1;-1;7;-1;10;-1;10;-1;10;-1;4
sCost: 1281.0;mCap: 0.6666666865348816;mPack: 0.5756997455470738;sPrio: 64.0
434.0
-1;-1;0;5;10;-1;5;6;0;5;11;6;4;7;-1;-1;8;-1;7;8;4;-1;6;9;10
sCost: 1564.0;mCap: 0.5666666626930237;mPack: 0.7862595419847328;sPrio: 30.0
434.0
1;1;0;5;10;-1;5;6;0;1;-1;6;4;7;-1;-1;8;-1;7;8;4;-1;6;9;10
sCost: 1647.0;mCap: 0.6000000238418579;mPack: 0.8129770992366412;sPrio: 35.0
434.0
1;1;3;5;10;-1;5;2;3;1;-1;2;4;7;-1;-1;8;-1;7;8;4;-1;6;9;10
sCost: 1830.0;mCap: 0.8999999761581421;mPack: 0.8129770992366412;sPrio: 35.0
434.0
1;1;0;3;10;5;-1;2;0;1;5;2;4;7;3;2;8;12;7;8;4;9;9;9;10
sCost: 1930.0;mCap: 0.800000011920929;mPack: 0.9821882951653944;sPrio: 2.0
434.0
7;9;5;6;4;3;6;8;3;5;8;7;10;5;1;0;0;-1;9;0;7;1;3;4;1
sCost: 1830.0;mCap: 0.5;mPack: 0.950381679389313;sPrio: 8.0
434.0
7;2;2;6;5;-1;4;0;1;6;3;7;5;0;-1;-1;-1;3;1;-1;-1;0;7;4;-1
sCost: 1464.0;mCap: 0.699999988079071;mPack: 0.7423664122137404;sPrio: 31.0
434.0
3;6;6;0;2;5;0;8;5;0;-1;-1;2;8;7;7;10;3;7;5;4;3;7;11;4
sCost: 1747.0;mCap: 0.5666666626930237;mPack: 0.9077608142493638;sPrio: 14.0
434.0
2;2;9;8;6;6;-1;7;11;-1;7;4;10;4;-1;-1;-1;-1;9;6;10;2;5;-1;5
sCost: 1564.0;mCap: 0.9333333373069763;mPack: 0.7461832061068703;sPrio: 37.0
434.0
3;3;0;6;7;7;5;5;0;-1;4;4;11;10;6;5;8;-1;10;3;7;-1;5;9;2
sCost: 1930.0;mCap: 0.9666666388511658;mPack: 0.9230279898218829;sPrio: 17.0
434.0
9;10;0;-1;7;7;-1;6;0;-1;5;5;4;6;4;-1;8;-1;10;8;7;4;-1;9;-1
sCost: 1464.0;mCap: 0.7666666507720947;mPack: 0.7461832061068703;sPrio: 30.0
434.0
8;3;0;1;7;6;8;2;0;2;-1;-1;5;8;5;2;9;6;3;-1;2;0;1;11;7
sCost: 1747.0;mCap: 0.36666667461395264;mPack: 0.8899491094147582;sPrio: 17.0
434.0
4;4;0;5;-1;10;-1;7;0;2;7;9;-1;2;3;4;3;9;2;-1;8;3;5;8;10
sCost: 1647.0;mCap: 0.3333333432674408;mPack: 0.8708651399491094;sPrio: 13.0
434.0
5;-1;0;4;3;-1;4;2;0;-1;-1;1;5;-1;-1;0;3;1;2;-1;-1;1;-1;-1;10
sCost: 1281.0;mCap: 0.36666667461395264;mPack: 0.6628498727735369;sPrio: 46.0
434.0
2;7;0;8;4;-1;-1;-1;0;-1;4;-1;2;7;3;-1;3;6;6;1;8;-1;1;1;-1
sCost: 1464.0;mCap: 0.6666666865348816;mPack: 0.7525445292620865;sPrio: 36.0
434.0
7;3;1;6;1;3;4;-1;0;3;-1;-1;10;5;6;-1;4;12;5;-1;7;-1;10;9;8
sCost: 1930.0;mCap: 1.0;mPack: 0.816793893129771;sPrio: 33.0
434.0
3;3;0;-1;4;2;-1;10;0;2;10;9;4;-1;-1;-1;-1;9;2;-1;1;-1;3;1;-1
sCost: 1281.0;mCap: 0.9333333373069763;mPack: 0.6590330788804071;sPrio: 40.0
434.0
-1;-1;4;-1;1;-1;1;2;4;-1;2;-1;-1;-1;-1;2;6;-1;1;-1;5;8;6;5;8
sCost: 1098.0;mCap: 0.23333333432674408;mPack: 0.5655216284987277;sPrio: 52.0
434.0
2;2;6;-1;5;5;-1;-1;6;4;4;5;1;4;1;2;7;3;3;8;-1;7;1;-1;8
sCost: 1464.0;mCap: 0.4333333373069763;mPack: 0.7709923664122138;sPrio: 26.0
434.0
-1;4;11;7;6;2;10;6;2;11;5;5;-1;8;1;10;1;8;4;6;9;2;7;9;10
sCost: 1747.0;mCap: 0.7666666507720947;mPack: 0.9020356234096693;sPrio: 8.0
434.0
5;1;6;-1;-1;-1;-1;-1;6;-1;7;7;4;-1;3;5;3;5;1;2;4;-1;2;-1;2
sCost: 1281.0;mCap: 0.5666666626930237;mPack: 0.6647582697201018;sPrio: 42.0
434.0
-1;3;4;6;5;-1;3;8;4;-1;10;-1;7;10;6;3;-1;8;-1;3;7;-1;9;5;9
sCost: 1464.0;mCap: 1.0;mPack: 0.7417302798982188;sPrio: 29.0
434.0
-1;1;2;6;5;-1;1;8;2;-1;0;4;7;0;6;1;10;8;4;1;7;10;9;5;9
sCost: 1830.0;mCap: 1.0;mPack: 0.9173027989821882;sPrio: 10.0
434.0
5;-1;0;4;9;10;-1;10;0;-1;6;-1;-1;6;7;-1;7;11;5;5;-1;4;8;9;8
sCost: 1564.0;mCap: 0.7666666507720947;mPack: 0.7779898218829516;sPrio: 29.0
434.0
-1;-1;0;6;-1;4;1;3;0;-1;4;-1;3;2;2;1;1;2;11;-1;-1;0;8;-1;8
sCost: 1381.0;mCap: 0.10000000149011612;mPack: 0.7264631043256997;sPrio: 28.0
434.0
2;8;1;-1;3;3;3;0;1;4;-1;5;4;0;-1;1;2;6;8;4;6;9;0;5;9
sCost: 1647.0;mCap: 0.36666667461395264;mPack: 0.8543256997455471;sPrio: 19.0
434.0
9;7;8;6;-1;-1;-1;8;5;-1;9;10;-1;5;-1;-1;-1;7;10;6;4;-1;-1;-1;4
sCost: 1281.0;mCap: 0.9666666388511658;mPack: 0.633587786259542;sPrio: 50.0
434.0
-1;7;0;6;8;4;-1;-1;0;-1;-1;4;-1;-1;-1;4;9;7;-1;-1;5;9;6;5;8
sCost: 1281.0;mCap: 0.8999999761581421;mPack: 0.6475826972010178;sPrio: 43.0
434.0
1;7;0;6;8;4;1;2;0;1;2;4;-1;10;1;4;9;7;10;-1;5;9;6;5;8
sCost: 1830.0;mCap: 0.8999999761581421;mPack: 0.9185750636132315;sPrio: 10.0
434.0
-1;4;0;1;-1;-1;-1;3;0;-1;3;-1;4;10;-1;1;5;-1;10;1;-1;-1;5;-1;6
sCost: 1281.0;mCap: 0.36666667461395264;mPack: 0.6494910941475827;sPrio: 48.0
434.0
8;8;6;-1;5;-1;8;-1;6;-1;7;7;4;10;4;9;5;-1;-1;10;10;-1;-1;-1;9
sCost: 1281.0;mCap: 0.6333333253860474;mPack: 0.638676844783715;sPrio: 46.0
434.0
8;8;6;10;5;-1;8;-1;6;-1;7;7;4;-1;4;9;5;-1;-1;-1;-1;-1;-1;-1;9
sCost: 1281.0;mCap: 0.6333333253860474;mPack: 0.6234096692111959;sPrio: 52.0
434.0
6;-1;5;7;6;5;-1;-1;4;-1;-1;-1;10;-1;-1;-1;9;-1;4;-1;6;-1;8;-1;8
sCost: 1281.0;mCap: 1.0;mPack: 0.5642493638676844;sPrio: 66.0
434.0
3;9;0;-1;2;4;-1;9;0;5;3;-1;11;2;-1;2;1;-1;5;6;1;2;5;4;6
sCost: 1564.0;mCap: 0.699999988079071;mPack: 0.7977099236641221;sPrio: 27.0
434.0
2;5;9;6;5;7;7;-1;8;-1;2;8;11;9;4;-1;3;-1;12;7;-1;-1;5;4;10
sCost: 1847.0;mCap: 1.0;mPack: 0.8358778625954199;sPrio: 32.0
434.0
2;2;0;6;2;3;3;9;0;1;5;7;9;3;8;5;1;-1;7;0;-1;5;6;-1;8
sCost: 1647.0;mCap: 0.20000000298023224;mPack: 0.8562340966921119;sPrio: 19.0
434.0
2;8;1;5;9;7;2;4;6;0;1;10;10;2;6;5;9;8;4;6;0;4;6;0;7
sCost: 1830.0;mCap: 0.4000000059604645;mPack: 1.0;sPrio: 0.0
434.0
-1;8;10;5;9;7;-1;4;6;-1;10;-1;-1;-1;6;5;9;8;4;6;-1;4;6;-1;7
sCost: 1281.0;mCap: 0.4333333373069763;mPack: 0.6946564885496183;sPrio: 36.0
434.0
5;0;1;2;8;4;0;3;1;0;8;-1;4;6;7;2;7;5;6;0;3;3;5;11;10
sCost: 1930.0;mCap: 0.6333333253860474;mPack: 0.9592875318066157;sPrio: 6.0
434.0
1;4;7;5;8;4;5;1;7;1;9;10;8;0;1;-1;6;-1;9;6;-1;4;5;0;10
sCost: 1647.0;mCap: 0.13333334028720856;mPack: 0.9071246819338422;sPrio: 16.0
434.0
2;7;6;5;3;-1;5;4;6;5;4;-1;2;0;-1;2;3;7;0;0;11;4;-1;-1;10
sCost: 1564.0;mCap: 0.10000000149011612;mPack: 0.8187022900763359;sPrio: 26.0
434.0
1;7;5;6;5;6;-1;-1;0;2;-1;10;0;3;3;-1;-1;7;3;1;1;-1;1;2;10
sCost: 1464.0;mCap: 0.20000000298023224;mPack: 0.7849872773536896;sPrio: 33.0
434.0
3;6;0;-1;3;7;1;3;0;-1;7;9;6;-1;-1;-1;5;12;2;1;2;0;2;1;9
sCost: 1564.0;mCap: 0.3333333432674408;mPack: 0.8365139949109415;sPrio: 24.0
434.0
6;5;1;0;7;6;0;2;1;1;2;6;4;-1;-1;-1;7;9;5;0;9;-1;4;10;-1
sCost: 1647.0;mCap: 0.20000000298023224;mPack: 0.8403307888040712;sPrio: 22.0
434.0
2;0;2;9;10;6;5;3;0;-1;3;7;7;4;9;-1;5;6;4;0;11;-1;8;8;10
sCost: 1930.0;mCap: 0.46666666865348816;mPack: 0.9580152671755725;sPrio: 13.0
434.0
6;2;0;9;3;1;4;2;6;-1;10;5;1;5;8;-1;4;11;8;7;10;9;-1;3;7
sCost: 2113.0;mCap: 0.800000011920929;mPack: 0.9541984732824428;sPrio: 11.0
434.0
8;2;0;5;3;1;4;2;0;-1;10;9;1;9;5;-1;4;11;8;7;10;2;-1;3;7
sCost: 1930.0;mCap: 0.6333333253860474;mPack: 0.9541984732824428;sPrio: 11.0
434.0
-1;8;4;5;9;-1;-1;-1;4;-1;9;-1;10;6;-1;-1;-1;-1;6;-1;7;-1;-1;-1;7
sCost: 1281.0;mCap: 0.9666666388511658;mPack: 0.5407124681933841;sPrio: 67.0
434.0
7;4;3;6;6;4;-1;0;3;5;-1;0;-1;9;-1;4;1;-1;9;0;-1;-1;1;7;5
sCost: 1464.0;mCap: 0.6000000238418579;mPack: 0.7531806615776081;sPrio: 39.0
434.0
10;10;0;8;6;-1;8;-1;0;4;-1;6;9;5;6;4;7;5;-1;7;9;10;-1;-1;4
sCost: 1464.0;mCap: 1.0;mPack: 0.7372773536895674;sPrio: 31.0
434.0
6;5;8;0;-1;-1;3;-1;8;1;5;-1;1;4;-1;-1;3;10;4;0;1;-1;0;-1;6
sCost: 1464.0;mCap: 0.2666666805744171;mPack: 0.7340966921119593;sPrio: 40.0
434.0
4;-1;0;-1;10;6;5;-1;0;-1;6;3;10;2;-1;-1;5;2;3;6;-1;5;3;-1;4
sCost: 1281.0;mCap: 0.4000000059604645;mPack: 0.6965648854961832;sPrio: 39.0
434.0
3;3;5;7;1;7;1;2;5;1;2;4;-1;9;6;-1;6;1;9;-1;-1;6;3;8;4
sCost: 1647.0;mCap: 0.23333333432674408;mPack: 0.8753180661577609;sPrio: 18.0
434.0
-1;-1;6;-1;8;7;-1;7;6;-1;-1;-1;4;4;10;-1;-1;8;-1;-1;9;7;-1;9;10
sCost: 1098.0;mCap: 0.46666666865348816;mPack: 0.55470737913486;sPrio: 47.0
434.0
8;8;7;0;3;-1;2;9;7;2;1;1;3;6;0;0;2;6;5;8;5;1;5;9;10
sCost: 1830.0;mCap: 0.2666666805744171;mPack: 0.9643765903307888;sPrio: 5.0
434.0
5;-1;2;1;-1;10;6;3;2;2;8;8;3;-1;-1;0;6;10;-1;1;12;1;0;0;5
sCost: 1564.0;mCap: 0.36666667461395264;mPack: 0.8155216284987277;sPrio: 14.0
434.0
-1;5;7;8;6;-1;-1;-1;7;-1;5;-1;-1;4;-1;-1;10;4;11;-1;-1;-1;-1;6;9
sCost: 1381.0;mCap: 1.0;mPack: 0.6361323155216285;sPrio: 56.0
434.0
3;6;7;8;3;3;6;-1;7;8;-1;4;2;9;5;0;5;4;9;0;2;6;6;-1;0
sCost: 1647.0;mCap: 0.7666666507720947;mPack: 0.839058524173028;sPrio: 22.0
434.0
10;2;3;6;1;2;1;8;3;4;5;1;7;5;4;6;9;8;-1;9;7;1;2;4;10
sCost: 1830.0;mCap: 0.6000000238418579;mPack: 0.9522900763358778;sPrio: 1.0
434.0
4;2;10;5;-1;2;0;8;6;2;-1;-1;0;7;-1;-1;9;8;7;9;0;-1;5;6;4
sCost: 1647.0;mCap: 0.23333333432674408;mPack: 0.8276081424936387;sPrio: 29.0
434.0
3;0;3;-1;6;-1;-1;-1;7;-1;-1;-1;10;8;-1;-1;2;7;8;0;0;-1;-1;-1;6
sCost: 1281.0;mCap: 0.8999999761581421;mPack: 0.5903307888040712;sPrio: 62.0
434.0
-1;-1;4;5;6;-1;-1;0;0;-1;6;4;3;-1;5;4;-1;3;11;8;2;6;0;2;8
sCost: 1381.0;mCap: 0.06666667014360428;mPack: 0.7410941475826972;sPrio: 26.0
434.0
11;4;5;-1;7;-1;-1;-1;5;-1;-1;9;8;-1;6;11;10;9;4;10;8;11;-1;7;6
sCost: 1381.0;mCap: 1.0;mPack: 0.7048346055979644;sPrio: 40.0
434.0
1;5;0;6;10;9;6;11;0;-1;5;3;1;3;3;7;8;9;4;4;4;7;8;7;10
sCost: 1930.0;mCap: 0.5666666626930237;mPack: 0.9872773536895675;sPrio: 4.0
434.0
-1;1;11;7;6;-1;-1;-1;1;-1;0;-1;2;0;-1;-1;-1;-1;4;4;4;-1;-1;9;6
sCost: 1381.0;mCap: 0.8999999761581421;mPack: 0.6240458015267176;sPrio: 57.0
434.0
2;4;0;7;6;9;-1;4;0;3;5;5;8;8;2;0;-1;2;3;3;3;7;4;9;6
sCost: 1647.0;mCap: 0.36666667461395264;mPack: 0.9096692111959288;sPrio: 9.0
434.0
2;4;0;7;6;9;-1;4;0;-1;5;5;8;8;2;-1;10;2;-1;-1;-1;7;4;9;6
sCost: 1647.0;mCap: 0.4333333373069763;mPack: 0.8606870229007634;sPrio: 18.0
434.0
-1;4;0;7;6;9;-1;4;0;-1;5;5;8;8;-1;-1;10;-1;-1;-1;-1;7;4;9;6
sCost: 1464.0;mCap: 0.4333333373069763;mPack: 0.7557251908396947;sPrio: 32.0
434.0
-1;-1;5;4;6;6;4;-1;5;-1;7;7;-1;-1;-1;-1;8;-1;-1;-1;6;-1;8;11;9
sCost: 1198.0;mCap: 0.8500000238418579;mPack: 0.594147582697201;sPrio: 52.0
434.0
-1;7;5;4;7;-1;4;-1;5;-1;10;8;-1;6;-1;-1;-1;6;8;-1;-1;-1;7;-1;9
sCost: 1281.0;mCap: 1.0;mPack: 0.5750636132315521;sPrio: 59.0
434.0
9;5;5;7;1;9;7;4;8;2;1;3;2;3;6;2;6;-1;4;4;1;2;3;8;-1
sCost: 1647.0;mCap: 0.23333333432674408;mPack: 0.8829516539440203;sPrio: 11.0
434.0
-1;-1;6;-1;4;4;7;5;6;-1;-1;-1;5;-1;-1;-1;8;-1;-1;7;4;-1;10;10;7
sCost: 1098.0;mCap: 0.36666667461395264;mPack: 0.5540712468193385;sPrio: 55.0
434.0
6;1;2;5;6;4;6;1;9;0;9;4;0;3;7;6;7;3;2;5;10;0;4;-1;10
sCost: 1830.0;mCap: 0.9333333373069763;mPack: 0.9344783715012722;sPrio: 7.0
434.0
8;10;6;-1;3;4;-1;2;4;5;10;5;8;5;4;6;7;-1;2;6;-1;6;7;3;-1
sCost: 1464.0;mCap: 0.7333333492279053;mPack: 0.7633587786259541;sPrio: 23.0
434.0
2;2;0;-1;-1;6;-1;-1;0;-1;3;3;6;-1;-1;-1;5;1;1;-1;4;2;5;4;-1
sCost: 1281.0;mCap: 0.800000011920929;mPack: 0.6596692111959288;sPrio: 40.0
434.0
-1;-1;8;4;0;1;2;0;8;0;7;7;2;-1;4;0;5;6;6;5;3;-1;2;3;1
sCost: 1647.0;mCap: 0.6000000238418579;mPack: 0.8651399491094147;sPrio: 13.0
434.0
3;3;0;9;6;4;7;7;0;-1;-1;-1;8;4;7;4;5;1;1;3;5;-1;8;6;10
sCost: 1830.0;mCap: 0.699999988079071;mPack: 0.8804071246819338;sPrio: 23.0
434.0
3;3;9;2;6;11;7;7;9;-1;-1;-1;8;0;7;0;5;1;1;3;0;-1;8;6;10
sCost: 1930.0;mCap: 0.8999999761581421;mPack: 0.8804071246819338;sPrio: 23.0
434.0
8;9;2;3;0;5;7;5;9;1;2;11;7;1;6;6;6;1;-1;3;7;5;3;0;8
sCost: 1747.0;mCap: 0.23333333432674408;mPack: 0.9522900763358778;sPrio: 1.0
434.0
7;7;6;8;-1;-1;-1;4;6;-1;-1;5;10;-1;-1;7;-1;5;4;8;10;-1;9;-1;9
sCost: 1281.0;mCap: 1.0;mPack: 0.6367684478371501;sPrio: 49.0
434.0
5;8;9;3;2;2;2;-1;9;2;8;4;5;0;6;6;10;4;0;1;3;0;1;6;1
sCost: 1830.0;mCap: 0.5333333611488342;mPack: 0.9561068702290076;sPrio: 7.0
434.0
6;1;0;2;-1;6;3;0;1;0;9;6;-1;3;-1;-1;7;9;3;-1;5;-1;2;5;10
sCost: 1647.0;mCap: 0.20000000298023224;mPack: 0.8384223918575063;sPrio: 25.0
434.0
1;0;1;6;4;-1;0;0;3;-1;3;2;-1;4;6;1;-1;2;-1;10;4;-1;-1;-1;10
sCost: 1281.0;mCap: 0.46666666865348816;mPack: 0.6692111959287532;sPrio: 39.0
434.0
3;7;2;8;3;-1;0;0;2;-1;0;11;10;6;4;-1;4;6;3;-1;1;-1;2;7;1
sCost: 1747.0;mCap: 0.06666667014360428;mPack: 0.9045801526717557;sPrio: 21.0
434.0
7;9;1;2;2;-1;6;9;1;-1;3;0;10;3;10;-1;6;0;7;-1;5;-1;8;8;5
sCost: 1830.0;mCap: 0.6000000238418579;mPack: 0.9045801526717557;sPrio: 21.0
434.0
1;4;8;-1;2;-1;0;-1;8;-1;2;4;-1;3;-1;3;0;3;1;2;-1;0;1;-1;-1
sCost: 1098.0;mCap: 0.4333333373069763;mPack: 0.5884223918575064;sPrio: 48.0
434.0
0;4;7;-1;-1;9;4;2;7;-1;-1;2;-1;-1;3;-1;3;0;4;2;8;-1;0;8;9
sCost: 1281.0;mCap: 0.2666666805744171;mPack: 0.6978371501272265;sPrio: 40.0
434.0
1;2;0;9;7;5;2;4;0;0;3;4;1;3;7;-1;5;7;2;4;9;10;8;10;8
sCost: 1830.0;mCap: 0.2666666805744171;mPack: 0.9853689567430025;sPrio: 4.0
434.0
-1;-1;0;4;6;5;-1;3;0;-1;-1;3;-1;-1;4;0;6;5;-1;5;2;-1;3;-1;2
sCost: 1098.0;mCap: 0.36666667461395264;mPack: 0.606234096692112;sPrio: 42.0
434.0
-1;-1;2;4;0;-1;4;-1;2;-1;5;-1;3;5;4;-1;0;-1;3;5;6;6;2;-1;6
sCost: 1098.0;mCap: 0.13333334028720856;mPack: 0.6590330788804071;sPrio: 44.0
434.0
0;4;8;10;5;4;5;11;8;2;6;3;7;6;4;2;2;3;5;7;9;-1;7;9;0
sCost: 1930.0;mCap: 0.6666666865348816;mPack: 0.9853689567430025;sPrio: 5.0
434.0
-1;5;7;10;5;0;4;2;7;2;4;-1;0;4;5;3;3;-1;2;6;6;5;3;6;-1
sCost: 1464.0;mCap: 0.13333334028720856;mPack: 0.8078880407124682;sPrio: 18.0
434.0
3;7;11;0;-1;-1;-1;-1;5;-1;5;6;7;6;-1;-1;4;1;1;-1;4;0;0;3;8
sCost: 1564.0;mCap: 0.36666667461395264;mPack: 0.806615776081425;sPrio: 31.0
434.0
8;8;11;4;5;5;4;2;2;3;0;6;6;7;5;3;-1;0;7;2;1;1;-1;1;3
sCost: 1747.0;mCap: 0.30000001192092896;mPack: 0.9090330788804071;sPrio: 10.0
434.0
7;7;0;8;8;4;-1;4;0;-1;-1;3;1;10;1;3;6;10;3;4;5;6;1;-1;5
sCost: 1647.0;mCap: 0.6000000238418579;mPack: 0.8524173027989822;sPrio: 21.0
434.0
0;5;0;1;-1;-1;-1;-1;4;-1;5;-1;-1;6;-1;-1;3;-1;4;-1;-1;-1;1;6;-1
sCost: 1098.0;mCap: 0.36666667461395264;mPack: 0.5419847328244275;sPrio: 64.0
434.0
9;-1;7;-1;5;4;10;-1;7;-1;-1;6;4;-1;10;-1;8;6;-1;10;10;-1;8;9;5
sCost: 1281.0;mCap: 0.7666666507720947;mPack: 0.655852417302799;sPrio: 42.0
434.0
4;4;5;0;-1;-1;-1;6;5;-1;8;-1;9;8;-1;-1;-1;6;-1;0;9;-1;-1;-1;-1
sCost: 1098.0;mCap: 1.0;mPack: 0.5413486005089059;sPrio: 53.0
434.0
-1;3;5;0;1;-1;0;-1;1;2;-1;-1;3;8;2;-1;-1;5;8;-1;1;9;-1;2;9
sCost: 1281.0;mCap: 0.36666667461395264;mPack: 0.6704834605597965;sPrio: 44.0
434.0
0;3;6;5;5;2;7;7;6;1;8;0;11;2;1;7;1;3;8;7;2;0;0;-1;10
sCost: 1747.0;mCap: 0.3333333432674408;mPack: 0.9344783715012722;sPrio: 7.0
434.0
-1;-1;6;2;-1;6;1;-1;5;-1;5;4;-1;1;1;1;-1;4;-1;-1;2;3;3;-1;3
sCost: 1098.0;mCap: 0.6666666865348816;mPack: 0.5680661577608143;sPrio: 40.0
434.0
6;9;6;-1;0;2;7;4;7;4;2;1;0;7;5;0;5;4;9;6;8;8;2;1;8
sCost: 1647.0;mCap: 0.20000000298023224;mPack: 0.9268447837150127;sPrio: 6.0
434.0
2;1;2;5;8;9;10;-1;3;7;9;10;8;3;5;0;7;-1;1;2;6;-1;0;0;6
sCost: 1830.0;mCap: 0.699999988079071;mPack: 0.8918575063613232;sPrio: 20.0
434.0
-1;-1;4;2;-1;6;-1;7;1;-1;1;-1;-1;-1;2;0;0;4;7;5;-1;5;0;5;6
sCost: 1281.0;mCap: 0.46666666865348816;mPack: 0.6863867684478371;sPrio: 32.0
434.0
6;-1;0;-1;2;3;-1;-1;0;-1;4;6;5;4;-1;-1;-1;-1;3;-1;-1;-1;-1;2;10
sCost: 1281.0;mCap: 1.0;mPack: 0.5712468193384224;sPrio: 60.0
434.0
-1;2;5;8;5;3;2;3;9;1;7;2;1;7;5;1;11;10;10;-1;0;0;1;0;9
sCost: 1747.0;mCap: 0.1666666716337204;mPack: 0.9478371501272265;sPrio: 4.0
434.0
1;-1;0;8;0;-1;-1;-1;1;-1;7;-1;-1;7;0;-1;-1;10;10;1;-1;-1;-1;-1;2
sCost: 1098.0;mCap: 0.7666666507720947;mPack: 0.52735368956743;sPrio: 63.0
434.0
2;0;1;8;1;0;-1;4;11;0;7;4;5;7;1;-1;6;10;10;-1;5;6;8;9;2
sCost: 1930.0;mCap: 0.6666666865348816;mPack: 0.9497455470737913;sPrio: 9.0
434.0
4;3;11;8;-1;5;5;5;2;1;10;2;1;10;0;0;0;12;3;8;6;2;1;4;6
sCost: 1847.0;mCap: 0.3333333432674408;mPack: 0.9701017811704835;sPrio: 1.0
434.0
-1;-1;5;7;6;-1;-1;4;3;-1;-1;3;6;-1;0;2;0;4;5;3;-1;7;2;-1;2
sCost: 1281.0;mCap: 0.6333333253860474;mPack: 0.66793893129771;sPrio: 38.0
434.0
0;7;4;5;8;1;3;7;4;-1;8;-1;3;-1;1;5;0;-1;1;3;6;6;-1;6;10
sCost: 1647.0;mCap: 0.30000001192092896;mPack: 0.8365139949109415;sPrio: 26.0
434.0
1;-1;2;4;3;5;-1;-1;2;-1;6;-1;-1;6;4;-1;3;1;5;1;-1;-1;-1;-1;10
sCost: 1281.0;mCap: 0.6333333253860474;mPack: 0.6354961832061068;sPrio: 51.0
434.0
4;2;4;0;8;-1;6;1;2;0;-1;-1;1;7;-1;6;8;-1;7;0;5;2;4;6;5
sCost: 1464.0;mCap: 0.36666667461395264;mPack: 0.8015267175572519;sPrio: 32.0
434.0
